-8.529984585716443579e-02,-1.559955312562646412e-01,-2.793985798933186770e-01,-2.085272128035426942e-01,-4.079205793164944471e-01,-1.933658273544274497e-01,9.888813684924752101e-02,-6.066725669620363914e-02,1.497088245452033450e-01,-1.144427184066547365e-01,-1.367741180768726472e-01,-5.120155761528566440e-01,-7.652595996784480881e-02,-2.898690578300217383e-02,1.499484275341836648e-01,-3.308908847341423543e-01,-3.817712137356175928e-02,-5.868480989554669680e-02,-2.306509921877754887e-01,-2.112219753119760901e-01,2.783685848190919562e-02,-1.594326096864571440e-01,-1.199599424802399589e-01,-1.802958031956809759e-01,8.499333929202934623e-02,-5.739611677960836794e-02,1.197656686612967314e-01,-2.832820356666567244e-02,1.153028230054706366e-01,-4.264039138630025261e-01,-3.534953356005393621e-02,-6.035555639671364575e-02,2.499016659042776201e-01,1.447356358058956294e-01,-5.426443206249746687e-02,-4.124616081202487350e-01,-9.497323891489249659e-02,-4.181905113445109901e-02,-5.938880980225934997e-02,1.070112627758658397e-01,-1.332591630339796662e-01,1.291921417435714925e-01,3.692557911012491530e-03,1.262195753935790310e-01,-3.519201589490508209e-01,4.269743176293503556e-02,-6.100967050992994745e-02,9.123120149029464998e-02,9.389744427953521100e-02,-7.316358977843304134e-02
-4.104299576949917983e-01,2.553827840099898716e-01,-1.368142209719726554e-01,-1.712295738307142434e-01,-4.250380291955941914e-01,2.551904227295095917e-01,-4.943556546107471389e-02,-5.815126949316462568e-01,2.745547304530722155e-01,-1.598243754612740097e-01,-8.099758047492983115e-02,-1.923345551934474151e-01,2.486310002049488613e-02,-1.571497784629086458e-01,-2.621569499717312235e-01,-1.418914975848551974e-01,2.576061022313133608e-01,-2.988108164529617583e-01,1.030079141350579708e-01,-1.204584064744518984e-01,3.267997440964360845e-01,-4.832316592799990040e-01,-1.293411949224382573e-01,-2.727168866898638799e-01,-6.039204181494237100e-02,-1.899454771437802392e-01,2.888842482862249983e-01,-1.475083069483955900e-01,-1.088970412373483354e-01,-6.443816942980309936e-02,-2.925609218100401754e-01,-2.087730501037319275e-01,-7.330787225747797953e-01,-3.045041742514632138e-02,-5.310060566777370372e-01,-7.565875371947800021e-02,-4.011916363122464135e-01,1.084878381143166981e-01,-3.518503885285491073e-01,-8.801761775945465827e-02,6.948000078701588311e-02,1.676093186099313070e-02,-4.359030437194983953e-01,-6.079545013935471615e-02,-1.035248839431817808e-01,-2.565547179255344701e-01,-4.632171577005776419e-01,-3.767951358521168803e-01,-3.085922164980735571e-01,8.375254764727176060e-02
6.119330535605605609e-02,-4.854719105394606632e-02,-2.614577964868657900e-01,2.065769492185889067e-01,1.838746701432415198e-01,-2.796995598176445497e-01,-6.234410698302781523e-02,1.009476164349768501e-01,-1.619538535938402912e-01,9.292753984258596278e-02,1.781482268841828309e-01,1.022820862151641030e-01,3.297863933454626140e-01,-6.340187354075405013e-02,1.642139943839002469e-01,6.198911359663350495e-02,1.585987946962041650e-01,-2.695315316320740506e-01,8.271200430254872782e-02,-2.548979914735730046e-02,-1.834321294005098746e-01,-1.501031998512188659e-01,-2.408883974125590188e-01,-3.252584675869750752e-01,4.959281521387008673e-02,-2.380778855150332898e-02,1.611309940011541875e-01,-2.116804699640734144e-01,-2.005302070382231072e-01,2.375862111587405748e-02,9.900457876779139403e-04,-1.145924766524827471e-01,1.871539328280278081e-01,-1.405168172598458276e-01,-7.524700692125434187e-02,1.877312799540650501e-01,-3.082156552073725964e-01,-2.829868225124238523e-01,2.603534089094196036e-01,1.292786841877322512e-01,1.185742085424654202e-01,-1.744156139540129768e-01,2.849798632248408126e-01,1.720998297039949276e-01,6.351107128187574724e-02,-3.318296923596378289e-02,-2.007341489710788573e-02,-2.982340904873504450e-01,-2.705067798417632452e-01,1.829339278770674426e-01
1.548401798744670488e-01,-1.917199893822115753e-01,-2.584157478348004799e-01,-3.427546354313019128e-01,-5.260754450722766699e-03,-1.696805839187394971e-01,-1.217367597672543017e-01,1.171069010577010655e-01,1.703639382334803665e-01,3.974377323716409005e-03,-1.492622591600696047e-01,-6.455776534847008918e-02,9.674421149167256040e-02,7.393992034336687412e-03,1.023053549885657304e-01,-2.327871528330972307e-03,-3.805701625778018515e-01,-3.918299757874585398e-01,-2.177039721492034230e-01,1.336691869788776965e-01,1.212778252684725173e-02,-2.049028668272610265e-01,1.134562419398578992e-01,-3.435974595137905596e-01,-2.546394253783859085e-01,-2.043933461231135229e-01,-1.614259931868926023e-01,1.781031522783258769e-01,1.482614013064010583e-01,-1.269791976593442340e-01,-3.849427961599344861e-01,-1.690102342134841562e-01,-1.368084180824518103e-01,-2.960330308093349072e-01,-1.848216760456261321e-01,-1.645114312843257154e-01,2.461491396226818396e-02,-4.768495226198496972e-01,-2.487347814489122289e-01,2.281433098132249274e-02,-2.376247570230318740e-01,-7.868389425421651318e-02,2.689961415877422657e-01,8.598497088459063076e-02,8.530717297342746072e-03,-1.748185364059621494e-01,-3.670382233320471088e-01,-2.387720669067107393e-02,6.301759875204594741e-02,-2.243700193756403560e-01
-3.764586065026284678e-02,-3.323910834693490357e-01,-1.040671110480089340e-01,2.157855180118571914e-01,-1.846587592910313436e-01,4.560851875287832979e-02,1.144873718214662744e-01,-1.910812595771552852e-02,3.372248263637094845e-01,1.903577754142829481e-01,-2.552384022453952489e-02,-1.577681387529756285e-01,-6.724674142507237606e-01,1.006735869786029580e-01,-9.672194470746479922e-02,-3.207507311572398989e-01,-4.259820709157504659e-01,-4.265322022841916416e-02,-2.902719662614126200e-02,-1.607070055709159950e-01,1.792808857717729798e-01,-1.705628239609496277e-01,2.072878237954190184e-01,5.342403405889799110e-03,-1.595256771006435814e-01,-2.212977069794861210e-02,-5.500151604171279462e-01,-2.535576625265196782e-01,-2.004684388757196067e-01,-4.762146712911103918e-01,-3.354931866131822260e-01,-4.097689406129976369e-02,-1.446416779004415509e-01,-1.310060637883209145e-01,-1.041763191799633115e-01,-2.952704654498068959e-01,-1.416152054072846167e-01,-4.233663071302539577e-02,-1.119122442341947132e-01,1.842234215042624634e-01,-7.832934005705197156e-02,-1.121617245104089278e-01,-2.680220423679807173e-01,-6.369786552962058979e-02,-2.969395315440980787e-01,-2.608460293523260920e-01,-3.932028784878664474e-01,-7.768864542147860264e-02,3.433253346502604941e-01,-4.489188414757357415e-01
-2.921797445406076332e-01,-3.462670441667017318e-01,-2.212351401588313338e-01,-1.556852981193139474e-01,-8.986348891703060254e-03,-4.827919946704495313e-01,7.106500432076823248e-02,-1.705687718791364105e-01,-3.689074909120442780e-01,2.249435377733918773e-01,-2.431334409148093734e-01,-3.456628278515593289e-01,-2.916957727828472027e-02,-2.520103955621801894e-01,-2.529947097461021088e-01,-5.697181799996085122e-02,-1.486491472537900503e-02,1.024878333529544161e-01,-2.494530079150500124e-01,-3.828810160266261087e-01,-1.746267730169592247e-01,-1.925661578070706759e-01,1.844769827462588718e-01,-2.854831148127258411e-02,1.914134695079716120e-01,-1.055657382398058064e-01,3.407649691012796800e-01,-3.292208413036219472e-01,1.168327510401426378e-01,1.690270379672709489e-01,1.386408476581300342e-01,-8.990941057529865110e-02,-5.480407425609485905e-01,-4.590798852598411695e-01,-2.193430872473447479e-01,1.428748054802869705e-01,-3.709762191840071388e-01,-1.623521995757017944e-01,-6.921597166097524789e-02,-1.272714043904660808e-01,-1.775164988586746817e-01,-3.072097829337445268e-03,-4.165659230159879933e-01,-2.473009236497435148e-02,-1.637921821443305281e-01,-4.910340867836785472e-01,-4.880861969119009158e-01,-3.883531784923870966e-01,-2.428584858492361387e-01,-2.433007904648295250e-01
-2.230670408070664634e-01,-5.079327731144150926e-01,-5.365964511354270883e-01,-1.054471942189438571e-01,-2.050572094101160703e-01,-3.809812980834396123e-01,-4.504285253011226786e-02,-9.957601129470848578e-02,-1.747980392625455293e-01,2.517428217531463841e-01,1.132907960509283163e-01,-5.518474452067950731e-02,-2.533015140346018823e-01,-1.870239835651675217e-02,7.610111711646991295e-02,-3.645066300802296544e-01,-2.360696974493396022e-02,-2.084517978067792210e-01,-1.659922321113233706e-02,-2.070041749776162232e-01,-3.490775829435364130e-01,1.524726628534941453e-01,-4.552996469862634066e-01,3.206559184643895805e-02,-5.580867493066006546e-02,-1.537170940817333964e-01,-4.036764329604703577e-02,-4.896693046047467246e-01,-1.897356478108781219e-01,-1.569779266047129918e-01,-9.076835386835357955e-02,-1.853684212934266495e-01,1.255533876958048467e-01,-1.227027523077009984e-02,-2.816804036359694674e-01,2.284623210025288065e-01,-2.019092453904098583e-01,-1.368022376245817129e-01,-5.691929054673408039e-01,-6.104614121945172167e-01,-3.246139936170953921e-02,-2.244017848022767936e-01,-4.124414574149501411e-01,-2.166064027502003497e-01,-5.129014664471153173e-01,-1.765299940189477002e-01,-3.526170639953823960e-02,-1.899799459771165933e-01,-1.365526136868938922e-01,-2.236480653822547626e-01
-7.023643636965835879e-02,7.544315612270623139e-02,-4.295183469019119293e-01,1.969440116367669746e-01,3.253439507932200936e-01,-2.660358675011172819e-02,-1.587739416964529526e-01,-4.278816824962218823e-01,7.598056134626521851e-01,-2.481281011782905943e-01,-7.246946606600612739e-01,-5.784171235509102393e-01,-3.925986739260352021e-01,3.022069714017174002e-02,-1.817656546030387843e-01,-1.359923141273727820e-03,2.585164961877576065e-02,2.284353903986702516e-01,2.493262667920523590e-01,7.271210253523402445e-02,2.526564565505017290e-01,1.193684296928111538e-01,1.691152551787475922e-01,-1.516306766978149090e-01,-2.105514597782603414e-01,1.724833663571807146e-02,6.945191271702728930e-02,-1.799165160457351104e-03,3.067617005701547273e-01,8.464469810273686501e-02,-1.173549289585567867e-01,6.088522355286082183e-02,4.484175211327594973e-02,-4.164209483310211124e-01,-2.018142985401720491e-02,3.126577131661447979e-03,-7.695507849204739903e-02,-1.571946537266033783e-01,1.062418331072555455e-01,2.048094414455748913e-01,4.909535331117963891e-02,1.878609133142790932e-01,-1.755620321161968089e-01,1.150758330425129955e-01,-5.498269235319956649e-02,-3.518785740433563181e-01,2.717425458464227395e-02,-8.168000816916506923e-02,8.716957756272096514e-02,-2.120366130318662723e-01
-1.736659802558166710e-01,-3.306063405383645182e-01,-2.181607209576361117e-01,-1.966773101380325101e-02,-3.544562180217105535e-02,9.998585962066339206e-02,-3.595721291855615842e-01,1.772812491851626371e-01,-1.528047842490034940e-02,-7.222150202094669569e-02,4.066412045412160642e-02,-1.687480015614713225e-01,-2.357437286957035916e-01,-1.737058961558378689e-01,-3.193178787365110183e-01,-8.783417235243272392e-02,2.533668388916874292e-01,3.045349081093272348e-02,1.470141203708969224e-01,-1.599024295199568124e-01,-1.835183078167720305e-01,-4.704059414083675700e-02,8.924341955828892295e-03,-1.828229375815206559e-01,6.618412331161395434e-02,1.539883644347746217e-01,1.796891160489887673e-01,1.281402735982995200e-01,-2.076827585380410790e-01,1.051861495281189579e-01,-3.301935447196449047e-01,-1.452972237261447586e-02,-2.579335121949493780e-03,3.563573663825520682e-02,-1.838618927884226317e-01,4.941822610671499361e-02,-9.575536223021982596e-02,-7.480627190783900593e-01,-5.084758598348020076e-02,-1.577915335400351948e-01,5.883726227238521983e-02,-7.180160156128415072e-02,-9.115112274499000133e-02,-2.047527115346155224e-01,4.580558426743436967e-02,-2.247649227476394562e-01,2.172642822009055175e-01,-1.232872815962725160e-01,2.724725408666924809e-01,1.562421949587028125e-01
1.303602046930287806e-01,8.229375097410360218e-02,9.423216318374039169e-02,-4.748016829170259023e-01,-2.580209723838072788e-01,-6.479318934442734879e-01,-1.479490918990583881e-01,1.333765165393348273e-01,-1.900131231290602685e-01,-1.082419868463075502e-01,4.674257323065673930e-02,9.309385332307752725e-02,1.981993472522305400e-01,-3.585716372969220966e-01,-5.358622191675180835e-01,1.552102313662093447e-01,-2.123244301277440182e-01,8.140062602400414959e-02,4.136244143498006955e-04,1.968600948743146409e-02,-3.442370307717700362e-01,-6.199028763532312691e-01,-3.074062213867502780e-01,8.552643794199747684e-02,-2.558131205033720157e-01,5.191421549111644579e-02,4.536268682896374416e-01,-1.411260817185586436e-01,1.820661107568856962e-01,2.631714436234258714e-02,-7.969895627830617113e-02,-5.109533836042409044e-02,1.807928980585006562e-01,2.235454006848769382e-01,-5.767084848731034684e-03,-4.301049258000113618e-01,-3.594082365477864194e-01,3.223159261600483383e-02,3.389704878789803755e-01,-6.040880027164123589e-03,-1.017300674168285929e-01,-3.698806860267337959e-01,-2.899158954712280911e-01,1.026130760264230835e-01,4.325755662152705461e-02,-5.429902628253370500e-02,5.486270058910125424e-02,-9.758858086845659252e-02,6.668925072466085069e-02,-1.378574210322849047e-01
-4.458604099959547207e-01,-3.767910576323459382e-01,-1.800228926569262256e-01,-3.565063842667514638e-01,-7.379052102613964381e-02,-5.641666343588625475e-03,8.459576556955766824e-02,-3.380773058109092233e-01,-8.392210490814110135e-02,-6.261238312715097232e-01,1.163131019368905672e-02,-1.142874129318426080e-01,4.022629790458664978e-02,-3.752784096899988708e-02,-5.520234501042042830e-02,3.508313552860006790e-01,-4.692729827694398503e-01,3.017007934629408958e-02,2.559546285326740889e-01,3.492772323976613968e-01,-1.029087421555710813e-01,-6.157958002218782978e-01,-2.303217066975137284e-01,-3.058613599451870911e-03,4.678501079337409746e-02,-1.869963401067641431e-02,-5.785862942180085289e-02,5.074347419439088208e-02,5.804521061554863276e-02,-1.807917653320923468e-01,-2.573525132216013603e-02,-5.933196570983222395e-01,6.662426776661230232e-02,1.794171410622511786e-01,2.708081624410933475e-01,-3.535065750819104125e-01,-1.208464790143878170e-01,1.604489329314335855e-01,3.235595519222768668e-01,2.090926289414845804e-02,-4.547200927351804922e-01,-1.631716676852120462e-01,-1.975355788464647488e-01,-4.581052819127437925e-04,-5.518140680702829370e-02,3.356288619597610490e-01,-7.702180314174278397e-02,9.330702969634756261e-02,7.091536727012535957e-03,-2.892230945799984521e-01
-1.079120056096279645e-01,-1.086685008302372829e-01,-6.629587587690087824e-01,1.189857638608250029e-01,-4.499032877496707966e-02,-3.654222624196318825e-01,-4.819083995157957823e-02,-2.741263898218850303e-01,-1.029403806288168854e-01,9.039340797650138870e-02,-4.573601143964881044e-02,-4.271352272350307233e-01,-6.284870552094161400e-02,-1.498727412316485652e-01,-5.410377407884432444e-01,-7.383982209981352351e-01,-1.821437013386910664e-01,-7.831381666340905268e-01,-1.135080733905735606e-01,-3.157284804212225904e-01,-4.885202333150762133e-01,-5.857767206228463586e-01,-1.391430348949322937e-01,-8.780642576012250011e-03,4.959849553365644481e-02,-4.826579192339625068e-02,-1.098245456035049916e-01,-3.411911079980946004e-01,4.748269695433696147e-02,2.880029861199833174e-01,-3.761401131161046796e-01,-4.616402758393667871e-01,-1.494678117175831655e-01,-3.694376264301932333e-01,-1.241955808137141515e-01,-4.733896925600184630e-02,6.313049105134578565e-02,1.870067148690982006e-01,-1.134361253527523157e-02,3.298089319500228656e-01,1.842671036703064924e-01,-1.068078997222917000e-02,-1.113291323888456891e-01,-2.837778853618575514e-01,1.099256576918820338e-01,1.700007092358772343e-01,-2.646391716889096579e-01,-1.522046094283819040e-01,-4.289604685273173956e-01,1.269283322898341060e-01
-5.309136835269395727e-02,-1.069721497210900790e-01,-4.826513976213072654e-01,1.149169349725087524e-01,6.722954348767844202e-02,2.652339668624195332e-02,-2.064850161706370812e-01,-2.884482706302348154e-01,3.977767060348853106e-02,-5.697955725213139644e-01,-6.749458579316663931e-04,1.118566710867276714e-01,-4.863392739882154703e-01,1.800689809031221778e-01,-2.470875499751039317e-02,2.410450254182259222e-01,-1.749579121790396097e-01,8.559505147760670951e-02,1.154249231651504892e-01,7.126915540138821503e-02,4.046503542036370554e-02,-1.879823341821211524e-01,2.831172386165734522e-01,-2.055730119227590358e-02,7.050183274884187778e-02,2.910310831546238375e-01,2.437901928490185735e-02,-2.430176242470679926e-01,2.128295857921386203e-01,7.671782957776188128e-02,-3.794639752079082551e-01,-4.909294227300791714e-03,5.163125794308345839e-05,-1.303804162821988744e-01,-9.342983491054770995e-02,2.666654243400712679e-02,-1.841662042596170223e-01,4.117365170747717268e-02,-2.922211498763523374e-01,-3.178403289370490548e-01,-1.739822805831189034e-01,1.490829634398479764e-01,1.294193175194300327e-01,-2.256263272350471014e-02,1.332864769766659852e-01,-9.136692462479928389e-02,6.468265805051939821e-02,-1.577098646711588836e-01,7.769981376468383660e-02,1.765699268001081068e-01
-3.586478748207959366e-02,-9.612652252039589895e-02,-2.750349086412690602e-01,1.888501973484889296e-01,3.159443527433049015e-01,-9.486640149821538859e-02,-5.257715128188333864e-01,8.614055976290627137e-02,-4.887108255491225822e-02,-1.552309097410883854e-01,-8.449800047254277247e-03,1.957723847015567509e-01,-2.148605568589601056e-02,2.413973633651050610e-01,1.015791462428301956e-01,-1.251227455104411967e-01,1.192591843860573222e-02,3.247192178710884836e-01,6.156532638361517096e-02,-5.204630114193778967e-01,-4.770878831344604887e-02,1.604733436397303148e-01,2.888990861240970376e-01,-3.169240224808292372e-01,-2.561885159446771199e-01,1.867926580730056019e-01,-7.546301751295071691e-02,-1.240695922518497418e-01,-1.480318451637089583e-01,4.669549168640081682e-02,-4.147738722892008179e-01,7.388270611162790491e-01,8.104795360570070384e-02,-3.900692078477524527e-01,8.882077167664823025e-02,-1.625353987918017329e-01,2.072501214734518427e-01,1.397568605871918890e-01,-4.147294298171024657e-02,-3.591172831353015710e-02,2.373457105167654513e-01,1.582327571592013205e-01,-3.691059709703621294e-01,-2.151365497069638033e-01,-1.468649928929272597e-01,7.909131720322906678e-02,1.152844713586279185e-01,-1.962622508871843807e-01,-5.276801424485608183e-02,2.234554013859267607e-01
-7.411484927370577680e-02,2.273003805794588106e-01,2.666835019507094451e-01,-6.103859627795482634e-02,1.092764740873168328e-01,-1.768634851988721279e-01,-4.456026617213281749e-01,-1.843016181928405217e-01,-4.819426284117883652e-01,6.586441487184958865e-02,-4.142757560409516919e-03,9.849495696954770063e-02,-4.381894817023920252e-01,-6.708096052471593240e-02,3.874337735398165200e-02,1.216895293663082245e-01,-1.899879133464129136e-02,-7.860500203257413110e-02,2.126486462827726631e-01,-2.463176044244330398e-01,-4.030382859960069952e-01,-1.797488976659977200e-01,2.274464387375411956e-01,6.069901264851366302e-02,-9.188089399563605097e-02,1.647790657289877336e-01,-2.723632904919832676e-01,-1.001584835466678425e-01,-1.978632028302945711e-01,-3.744845065670051043e-01,-2.818193600610088834e-02,3.524190264111350390e-01,-1.260944525883495593e-01,8.199834024649754749e-02,2.820163842802521081e-01,-1.594831953324409302e-01,-2.363838769294358821e-01,4.099960473228734387e-02,-9.698583387424440649e-02,-3.630473815489640432e-01,-3.526680737486299622e-01,-3.568522169289756185e-01,3.338373522205709959e-02,-3.213512596216896444e-01,5.620837251896698000e-03,-1.388072482121539483e-02,-1.757672803122606875e-01,3.095770254647055991e-02,-6.134463040221721508e-01,-2.274536578143634413e-01
-5.437291918369648730e-02,1.884802697591215492e-01,8.437440890623110201e-02,-7.081961033887126077e-03,-3.497402310990782026e-01,-2.745386115100466040e-01,-1.088989957626356093e-02,5.489698450304271622e-03,-4.218904883767643499e-02,1.452988313431195222e-01,-2.234572528099309230e-01,-3.111024891486912081e-01,1.290562619055250493e-01,-5.329110464938493497e-01,-2.441801415240294204e-01,-1.575450075487900836e-01,-2.845528904419757921e-01,-8.142866697085131278e-02,-1.453558547790047561e-01,-3.006566049894108250e-01,2.878540839170507654e-02,2.899708622676150371e-01,-1.787412361980351416e-01,-1.314019169994395109e-01,-2.494599818565753843e-02,-3.587636611418216770e-01,-5.191642704388603757e-01,-6.499624993975250398e-01,7.094238988700435344e-02,-5.399061099836565125e-01,-4.130107349954893481e-01,-1.649545174081524235e-01,-2.121901803353692106e-01,2.566009879466516971e-02,-1.032486248614356006e-01,-1.257759326509747533e-01,1.278673465515931321e-02,-1.213697668805670399e-01,-2.054165775048576517e-02,2.855934767621970405e-02,-3.996547530654759872e-01,-4.682732097224585055e-01,-4.855033708657688005e-03,8.635670562603514622e-02,-4.621522211385317713e-01,-4.299458895744817100e-01,2.387001477624979273e-01,-4.921570425145081751e-02,-6.492319260663943492e-01,-5.343852554228611940e-01
-1.196977348643858130e-01,3.223581098710227855e-02,1.630983830455312589e-01,-5.632017974846810493e-02,-3.369794674301582194e-02,-1.364234072972200264e-02,1.559562619175911269e-01,9.227285405521437611e-02,-9.212129502031386752e-02,1.195264844599879250e-01,-2.905223419809473406e-01,1.183480242657494602e-01,1.372056148321710856e-01,2.921612466687049936e-02,1.086151334915496369e-01,-2.671940954970656867e-01,1.719653385252650213e-01,3.488509332515259131e-02,-5.693338456285642613e-01,-1.487188254861089298e-01,-9.620288549128129529e-02,5.355976736652703907e-02,-1.715401361911420841e-01,-4.377023734206577088e-01,1.971136494189491550e-01,-3.947163290757861320e-01,-2.466148231930948009e-01,2.186417896940282546e-01,-3.235090578898345282e-01,1.013530227006424200e-01,-2.455088604055316315e-01,-2.475854250584648766e-02,-6.293115432542062404e-01,8.682883305116807782e-02,-1.292837331910637322e-01,-3.339752041817907191e-01,-5.488551276258536032e-02,-6.840094173236972719e-02,9.382900714660750985e-02,1.198841636854519888e-01,2.005375663714973888e-01,-9.499202009583060380e-02,2.413057976573276531e-01,-1.259976531827116351e-02,1.070454478732027065e-01,-2.811138510585660666e-01,-3.240286419926859812e-02,-2.082635325835343609e-01,-1.343549973706072986e-01,9.005403993911387239e-02
-1.570136690049817596e-01,-1.879119581708044717e-01,-1.973415758624234573e-01,-4.255743023801380476e-01,-2.702132617538025375e-02,-4.765476383902148561e-01,1.676209171761204875e-01,-6.115541527409427275e-02,-2.812329497404417733e-01,-3.236715557579185054e-01,-2.092540041924706162e-01,-8.001980176143948242e-02,2.166554490648938888e-02,-8.398810549795114599e-02,3.542886709704357734e-02,2.826948009340380374e-01,-3.464914380926958359e-01,-1.500507369508052580e-01,-6.627259967938349261e-01,-3.442133077029637112e-01,-1.524709358888507449e-01,-2.579112911237583239e-01,3.480562435736024585e-02,-4.011048664226036231e-01,2.259745860364580083e-01,-1.599896686763968290e-01,2.108009867906029955e-02,1.819410024512848889e-01,-2.248637914734876730e-01,-1.242142137950536657e-01,-1.776058757832582047e-01,-9.030997243865421242e-02,-2.278264393816634426e-01,-2.342010535886778211e-01,-2.524784084117147054e-01,9.430231335243895868e-03,8.836876061317315567e-02,-4.058130201765364764e-01,-1.446934012742302073e-02,1.192938160066311509e-01,1.443131721971073478e-01,-9.792959483484894867e-02,-4.725650270277965692e-01,-5.754966935919591381e-02,1.582877599196854113e-01,2.312788753551198728e-01,-3.669143232120659071e-01,-2.606862586814345240e-01,-3.703363787070741708e-02,-7.285515097872952150e-02
-1.761832551152760218e-01,-1.983274572806897340e-01,-1.099430233685140118e-01,-3.290776145050847701e-01,-3.217373213080452956e-03,-4.859526262382202200e-01,-2.430087585164273090e-01,-2.427010418540667680e-01,-1.350766034051205204e-02,2.051524652917208758e-01,-2.835262543281128478e-01,-2.854755423594041996e-01,-2.469229259026612111e-01,1.000430689866195905e-01,-5.164360063801179401e-02,2.883550945563460033e-01,-5.222751241789630461e-01,4.114423251751797572e-02,-3.872849753452533017e-01,-1.504219551740472449e-01,-4.626487303952017127e-01,-6.656500172336948795e-01,6.638215833298302671e-02,2.967254324978349511e-01,-7.427723142258903233e-02,2.422134899287145260e-01,-1.191480107343494965e-01,5.157390228538413779e-02,1.425528310429096945e-01,-1.829811900303599526e-01,-5.399408268599326099e-01,-1.998893546954051692e-01,-3.536474961433419550e-01,-4.872739156488969242e-02,-2.630505401730074966e-01,1.272803965283630379e-01,-2.096902808785424954e-01,-1.085356097353821769e-01,-1.780010168230639067e-01,1.195293566357376047e-01,-2.685998375103759717e-01,3.362347632649675955e-02,-1.965250445303692584e-01,-2.764792387176478461e-01,-1.568087692658889226e-02,6.116275089059078351e-02,3.399698780963947981e-02,-1.677414928948222084e-01,-1.145671332040861107e-01,1.536505755414954433e-01
-1.864593667871018989e-01,-5.059650989460189319e-01,2.671598266194840643e-01,8.468183866773618118e-02,-6.555594820104476694e-02,7.483323296302088826e-03,-2.173787623758682841e-01,-2.370226753767082084e-01,2.208628388398404738e-02,-1.975928333242473744e-01,-1.535344681290131130e-01,-2.366863476912179631e-01,-5.856022771052775688e-01,-3.156603042081991828e-01,-5.520669222582699209e-01,-7.702008083149937123e-01,-1.259925851749296721e-02,1.849890923857583913e-01,-5.965263308018432797e-02,-2.965178864150470606e-01,1.641452682779517003e-01,-7.313069908053246859e-01,-6.225352549701847205e-02,-1.145345817843972380e-01,-1.858801142731253964e-01,-1.747119775274010856e-01,-2.104738937783386110e-01,-8.384579471664722894e-02,4.105287768683060085e-02,-2.412338721039294087e-01,4.912304065617315030e-02,8.097549429128046705e-02,4.617262750622485451e-02,-1.244881544349417252e-01,-2.578623626162502291e-01,-2.562651838668713600e-01,-8.678825508800259991e-02,-1.490113263732647242e-01,-7.974411345735245293e-02,1.231722239969010591e-01,-2.453227840055325626e-01,-5.040676086003338385e-01,-8.049388111424957137e-02,-1.205855900880179049e-01,-2.738065391844807239e-01,-2.022564710729498061e-01,2.969666399546388447e-01,-4.270956353113019577e-01,3.108664180713275882e-01,-3.647728935641781911e-01
-1.577134696321391139e-01,-1.326123776618140515e-01,-3.020798351544824456e-01,-2.082386693194092087e-01,-1.701390874572912826e-01,-1.978878964186493034e-02,-6.275187420367762947e-02,-2.282288134493368897e-02,8.231529404358640944e-02,-2.684359812275628476e-01,-4.888236729718099804e-02,1.966753897810101792e-01,-3.548157146128155248e-01,9.265175909723803727e-02,-1.319171686962733459e-01,4.194552456728799922e-02,-4.272964505806403634e-01,4.231827321548072701e-02,-4.548578573620096210e-01,1.546257674148961703e-01,-3.152483160501746984e-02,5.849782689456926865e-02,-1.993533940440191110e-01,2.172440999787560723e-01,-6.670707706833296780e-02,1.923977430636284180e-01,-3.347339967000229066e-01,-3.446490767127458055e-02,1.319382432634521631e-02,-4.560294381411710840e-01,1.648023778904939007e-02,1.691819245692955942e-01,2.992091369792005406e-01,-8.981126636026225130e-02,8.770711016908425139e-02,-2.403037108860397730e-01,-4.261146120920557556e-01,5.736531411096200406e-02,-7.677351066167049931e-02,1.081507562559864549e-01,-3.570629663132149356e-01,-5.183833400790694573e-02,-5.399897352261550099e-01,-3.046787721458973919e-01,2.304652951964895058e-01,-1.344238117509485853e-01,-3.056887443641566615e-01,-1.972392683817951464e-01,4.691729250611268581e-02,-6.803699593893507147e-02
-5.112001003937551719e-02,-8.341512383857040136e-02,9.260553909751984003e-02,-1.522903798952831601e-02,-2.483145041838591416e-02,2.983060706364838999e-01,1.446424248971357185e-01,-2.069345211468963663e-01,-4.808412421300494177e-01,1.225537905363304758e-01,-2.810159448031860352e-01,1.529245581998188441e-01,-1.048009848740111272e-01,-3.065541127522321621e-02,5.262948648348248284e-03,-1.411803363140622103e-01,1.997923732308163822e-02,-4.719043471618241670e-01,-7.571617668532715228e-02,1.056845053470363421e-01,2.728876779455307044e-01,-1.320469734471329537e-01,2.911223576379754971e-02,-4.307376569866914334e-02,1.467109609339738718e-01,-2.001667421820344794e-01,-4.356935929557377296e-01,7.279981454553838272e-02,-6.216314178837999138e-02,-1.597194442308788320e-01,6.191914861344588461e-02,1.947812061348393881e-02,-3.884505371276257280e-01,1.711606924333245461e-01,-1.640326630581420142e-01,6.447078956770900537e-02,2.086819219270053261e-01,2.727243043232927336e-02,-2.307737024517216295e-01,-4.498745357812357626e-01,1.359496299049641789e-02,1.694978351526069474e-02,2.479393288886422297e-02,-3.747949601892713312e-01,-3.376747676991661562e-01,-1.334822022172343914e-01,-7.588393632461878924e-02,-1.137871099843832390e-01,1.338394128576491648e-01,-1.791721387687194023e-01
5.098778874493464092e-02,-4.228903848981005464e-01,1.575658791677676807e-01,1.358021589352267910e-01,-5.234223716316468433e-01,1.945096234105691546e-01,2.405758264796839865e-02,2.773716306741630389e-01,-4.420783950606441692e-01,-4.120305054981517057e-02,-1.846759302032583566e-02,-1.679074156902212733e-01,-1.036578276855851521e-01,1.480295048545480531e-02,4.185850463812072590e-03,-7.414625591970189222e-02,-7.246059755890123244e-02,-7.980623310870656184e-02,5.844163882158479734e-02,2.632453020042095984e-02,7.174099954662280232e-02,-1.311833365791917061e-01,-1.336286675824655545e-01,-1.541726336969968525e-01,4.350205743390440916e-02,-1.088205295433777309e-01,1.690258212720866793e-01,-2.198432193201513285e-01,-9.193426042860952663e-02,-3.750132650438200987e-02,-6.772191136739000306e-02,-9.670548094647367365e-02,6.628082741676781520e-02,4.130429704662260532e-03,-8.413585324424607825e-02,-4.228659904275058889e-02,-3.052806004122752062e-02,9.712685351628803920e-02,-1.319947870826076747e-03,-1.175455891462999503e-03,-4.924825700824593810e-01,1.200559370274822957e-01,-3.357771246685851141e-01,-1.194302612420335280e-01,-2.941174703783455691e-01,-1.264913479662904683e-01,1.279670105755315590e-01,3.809244824182921318e-01,1.408263958266782190e-01,-2.163850668234544583e-01
7.508457687576011730e-02,-9.540543674148470321e-02,6.854526408244990265e-02,-2.517021830550868026e-03,-4.887926039266622842e-03,-2.850085653539426445e-01,2.483134533821089451e-01,-1.777931761317184389e-01,-3.885063443868980865e-02,-2.346288163488512712e-01,-2.609565506718586891e-01,2.057617018936723774e-01,-5.022220906129509777e-01,-5.144338962736705496e-03,8.720072707515519328e-02,-1.620907416044944649e-01,-3.910023431773358982e-01,-3.445429115176663615e-01,-7.427148686298939984e-02,-4.323656011137678723e-01,-2.678334041472644200e-01,1.543807903518746583e-01,-1.002820025829235795e-01,-1.487946834364838600e-01,2.137254382807608072e-02,-2.744406801136288210e-01,-3.298762243672996308e-01,-1.626673535618285704e-01,-6.126553026012063752e-01,5.047609820150169568e-01,-1.859339991435840778e-01,-1.485649602571103428e-02,2.460064696628604386e-01,-2.221084836366697124e-01,-6.602064268728540242e-01,3.080666085638202045e-02,-2.066944958084792339e-01,2.093263427123547016e-02,-2.452099459669680459e-01,-3.241973297095844808e-01,-3.279749508238991029e-01,2.055298727575861628e-01,-3.106748693784842086e-01,-2.603650861354347978e-01,-3.410225336594925327e-01,8.487794018230816750e-02,-1.727090610766114920e-01,-2.701991836123897595e-01,4.766350633519896018e-02,-3.287821442352750062e-02
-1.980149520398903351e-01,1.476062084173718203e-01,-5.927506722269632045e-03,-1.648957320153474349e-01,-1.152605328957613251e-01,-9.824822726911958126e-02,-2.723534534445910468e-02,-2.473404992501701191e-02,2.531486606358153146e-01,2.387162762143257844e-01,-1.815054642527614004e-01,-1.703834643910324964e-01,3.197761836535920055e-01,-4.458152290788151145e-02,1.816592157396435259e-01,-3.340039414696246989e-01,-2.510551693022711195e-01,1.893335912532819187e-01,3.486820811659048502e-02,-6.674062412545134215e-02,-2.135634344871921789e-03,-3.229220827603909716e-02,-3.877502890019614012e-01,2.172328268020368991e-01,-3.486565370136689435e-01,-3.860825198630733479e-01,3.595383892221432759e-02,-5.071410930786909299e-01,1.912917569155335173e-01,3.687256198027123733e-02,-3.948567215037474681e-02,2.056404682806175777e-01,-3.332271789999372014e-01,7.821492611704423947e-02,-1.362783982274080596e-01,-1.199740718610427248e-01,-1.775764526983005659e-02,-1.374725585235100078e-01,2.905576184441328591e-01,-3.648616709519890144e-01,-4.592850909061992337e-01,-2.151921040531357965e-01,2.585935974858209474e-01,-2.634133010821724241e-01,1.512863069319097045e-03,-3.505773893981412037e-01,-1.825141521051379112e-01,-1.266512594481330189e-01,-2.896093580519235045e-01,-2.252839892459218285e-01
-6.940649842190313445e-02,-9.456085600109336020e-02,-2.710031559878021690e-01,-5.570654970164291564e-01,-3.224484263897334658e-03,-4.389351711403665091e-01,2.008923988055837939e-01,-9.452831356274032926e-02,-6.503711368229324330e-03,3.322765598722566410e-02,1.857090709702489129e-01,-3.760028164682564511e-01,-4.354597128150899388e-01,-3.155559972620472498e-01,-3.618420004548071334e-01,-1.565219055980796303e-01,2.961398133186409279e-02,2.797312790604092325e-03,-8.473994837218309928e-02,-3.566128115396263176e-01,-3.050366489702107664e-01,-6.007321335525314665e-02,-2.987668823258368134e-01,-3.293939209490294728e-01,-2.619560215672250281e-01,-6.028053475573158515e-01,-3.026071587130551577e-01,-5.205238763848932804e-01,-4.238071708085615619e-01,1.834733078819699159e-01,3.897801566738287593e-02,-1.687735778370437478e-01,-3.128424862531111600e-02,-1.834194451652871871e-01,-2.718495420984839983e-01,6.896687555825960214e-02,-4.199408825183237881e-01,-3.476247438646740684e-01,-1.818099336127238785e-01,-1.669017824484160528e-01,-1.867137050409531096e-01,-4.176099650545339603e-02,-3.603806887303329654e-01,-1.353870425421187518e-01,-5.540209687757582241e-02,-4.463412732332714961e-01,-2.131993686288003731e-01,-4.671832796040478186e-01,2.196034603133592902e-03,-3.170184980036219735e-01
9.121334144310051795e-02,3.067818742706079349e-01,1.342656505833131897e-01,-1.368712036969547685e-01,3.050227579101854047e-01,5.899654974474648206e-02,-4.594682551417381480e-03,-5.042595460524901263e-01,-1.669638736333819151e-01,-5.541119000101153436e-01,6.216398488798530880e-02,-1.593027384791982082e-01,-2.777307849428222175e-01,6.315394155699384504e-02,-2.213457503368065210e-02,5.929984396048775669e-02,9.368517933119668850e-02,-1.239379151544559299e-01,9.632184078664748905e-02,-1.718697249702656193e-01,5.908967207490488371e-02,-1.880354982349223270e-01,3.540190826807337876e-01,-1.526324629681084788e-01,1.316500901898260412e-01,-2.893780571504545041e-01,-1.125720174101726458e-02,7.898677192033538321e-05,1.219625179428796558e-01,-1.713121898331244064e-01,-3.228032913213775279e-01,-3.669955495093486508e-01,1.293320999761796430e-01,1.869502985628241076e-01,-3.768224098036328934e-02,-1.690870407530349617e-01,2.680504948616026506e-01,4.350184775179553182e-02,-2.508515122374316286e-02,-1.167682198183595949e-01,2.328373984258818308e-01,1.536185158189131428e-01,4.008421211617612528e-02,-2.016873566900942438e-01,3.853887187192495123e-02,-2.709492681090625577e-01,-1.312304929739468995e-01,1.280812867446416425e-01,1.952737935181839413e-01,5.032984046163863079e-02
-2.523313886404274231e-01,6.412780503008229773e-04,-3.052377460234625625e-02,6.727037361900557733e-02,-9.018376139884873299e-02,1.415985859486990350e-01,-2.918323653570550347e-01,1.358972611582972279e-01,1.336349342496672143e-01,-3.224187554709294357e-02,3.274924179800136614e-01,-9.745856144082309935e-02,1.847888459033444342e-01,-2.055431030721915076e-01,-1.616624239931761520e-01,1.857646710538065904e-01,3.183596816896982346e-02,2.627648388817372949e-01,3.142213157041963134e-01,1.142153107471835238e-01,3.734569634823291240e-02,2.745919850963671194e-02,-4.819529688385330024e-01,-1.676520749777448971e-01,1.483667279751000045e-01,8.553613658473159520e-02,-5.704969750002703011e-02,-1.113123835158828095e-01,-3.489079176389566772e-01,-1.464699839564808335e-02,-3.709385546168104675e-01,5.718369900656024296e-02,1.845536191081041388e-01,1.152216196839198348e-01,-3.500189736180607247e-01,-3.417115426697918124e-01,-1.771712377581962927e-01,-4.502465169878755447e-01,-2.113942213566762929e-01,-8.705029912590053764e-02,-5.223116216125621714e-01,-1.329480175205024761e-01,1.128502554911480979e-02,-1.059634739112949864e-01,-3.807208441800944976e-01,-7.854478800615770362e-02,-2.402471857287143964e-01,-1.712120067605251150e-01,-4.307554417100608046e-01,-3.469278076019871038e-01
-2.640257106440452306e-01,1.651897919772386258e-01,-1.795976982492764329e-01,-2.948865347820490701e-01,2.041669392475896350e-01,-2.093889278118136466e-01,-5.976682417011107695e-01,1.014085975184340488e-01,-1.297011274698199879e-01,-1.358523947020057743e-01,-1.284762847380968576e-01,-2.903813514669660867e-01,8.339916613671682216e-03,6.805060884050423420e-02,-8.895853937589086324e-02,-1.050243258190680651e-02,-1.091901379736440747e-01,-2.734673365046292326e-01,-9.282339404570660868e-02,4.649799490349984521e-02,-2.606947518886734011e-02,-9.228440099404626451e-02,-2.506464616164656434e-01,8.323436349481128094e-02,-4.701099635156750223e-01,-6.538949286591586030e-02,6.699265253363077821e-02,-5.005295292576162902e-01,-1.612768946271964793e-02,-5.366102915026109699e-01,-3.492171488070077712e-01,2.113852734638162201e-01,-3.995967509996278255e-01,-4.277439680669219840e-02,2.813769021613874918e-02,-2.059482393920142873e-01,-1.567648350624948062e-01,1.661051140234091894e-01,-1.228055778962983818e-01,-3.417166206253887117e-01,-9.360029043014637604e-03,-3.719220139616508658e-01,-1.804505116166366385e-01,1.035505258246052357e-01,7.427349454422144115e-02,-3.632151032261312085e-01,-1.017001033974605367e-01,1.036646155355924748e-03,-5.521194487789329308e-01,-3.845876002439712615e-01
8.833703465460562843e-02,-1.709666068253565818e-01,-1.737735108530548411e-01,-9.320561386447444308e-02,2.277568094918396013e-01,6.109481906318025013e-01,-2.615129841800890587e-01,9.429888166203711152e-04,3.113081376705453471e-02,-2.742921926240600161e-01,-2.379233403642966593e-01,4.434507814627920014e-02,-1.892622894340796058e-01,-5.118568683891346893e-01,-2.205153156451540308e-01,1.160785786356661464e-01,2.389259735582672239e-01,-2.759877010502436723e-01,-7.767091825442830055e-01,-3.199921893861846778e-01,-7.273143678733384743e-01,2.395010432432125580e-01,-4.984837380384966599e-01,7.430949060733607614e-02,-2.706895235018368373e-01,-3.642166466124983626e-01,-1.249877949332456606e-01,1.524434836572771124e-01,-3.918309147179274698e-01,-4.134130082214176327e-01,-1.487368244498740444e-01,-1.076475763386246509e-01,2.568445473149035332e-02,-3.136370872516626440e-02,-2.926392522450088976e-02,-8.396443600549811925e-02,1.901710291875179926e-01,5.893010455858482821e-02,2.944056292603523112e-02,-1.545839775878614930e-01,1.710056005554281278e-01,-4.063198883913898829e-01,1.849752351428740893e-01,-3.548617295480222533e-01,-1.755150543011807507e-01,-4.292788940219655625e-01,3.892015034061595963e-02,1.688281411127990628e-01,-8.260331719447829013e-02,-2.070008339638922112e-01
-4.238052765345274309e-01,-1.707277283527126321e-01,-1.791117891911183369e-01,5.602994516216413395e-02,-8.089994273403815495e-01,-2.031981657422163301e-01,1.249608171539557527e-01,1.233555314493733207e-01,-1.277548646391807319e-01,-2.715819904405147867e-01,-9.115664969189971045e-02,7.967785360110724024e-02,-2.476803382293441547e-01,-1.624111005973090938e-01,-6.106973623999612660e-02,2.037992392527287200e-01,-2.250199236347728837e-01,-4.388650805980343073e-01,-2.799265624878221614e-01,2.478858266843178906e-02,-8.197382115125113888e-02,2.957447585750343916e-02,-4.318758927281237114e-01,3.325367087310109743e-02,-2.448576483887540678e-02,2.587126297013681575e-01,-3.230971332171936328e-01,-3.916680427744072962e-02,2.265296143177624177e-01,2.092931731350367031e-02,2.302149315273336605e-01,-1.040467472278342326e-01,-7.523746109079181010e-02,8.595048768548131657e-02,-5.740459475713765441e-02,-1.748338955504131487e-01,-3.497654863123138558e-01,4.143589985122134861e-02,-3.778120892548818555e-01,-4.487747024594179734e-01,-5.478518155998439720e-01,-9.285071697291474857e-02,-1.704629448501580047e-01,-1.776094558407248503e-01,-4.037746566700168294e-01,-1.297316354014915185e-01,-5.447527432318573226e-02,1.745823339155430087e-01,-2.908122120659217824e-01,-4.558178936757518174e-01
-4.897928303907435055e-01,-3.172391358593437127e-01,-3.122156112998504818e-01,-1.490477264152265807e-02,-2.121399686085371494e-01,1.513996363131815126e-01,-1.389024533435605224e-02,-4.083649063323990108e-03,2.965396046099525451e-01,-2.557166031964688280e-01,-1.392545201535519070e-02,6.390255367325099745e-02,2.183511008339024118e-01,-4.890975676289482932e-02,6.391663993328161597e-02,4.155598916575984313e-03,1.258571781747981622e-01,-2.644548031675339472e-01,-3.082729262496398115e-01,-9.589794382814896545e-02,-3.598721974846529337e-01,-9.010635639469452562e-02,-2.621372854145541109e-01,1.119225091695854740e-01,-2.432901822518005464e-01,-3.529820168690194215e-01,2.462493467216836651e-01,-1.247129252309004711e-02,-2.006634965758271119e-02,2.737481592514685591e-01,-2.964838925624834198e-01,-1.972927837445995203e-01,-1.730842208334883447e-01,-3.115075177236119042e-01,-1.612635896729297802e-01,2.009520704227023558e-01,-4.949854022439710288e-01,-4.764723601613851840e-03,-3.758261704784057744e-01,-1.193259564648994769e-01,-2.048094509726597900e-01,1.079856495825189527e-01,-4.154390179458143650e-02,-3.721143539299655301e-02,2.574567135879866075e-01,-1.206767518507116388e-01,8.632237843373266606e-02,2.525244520711738550e-01,-1.686926498010300757e-01,-2.622208582615391179e-02
-1.643459703196851335e-02,-6.536677377416392209e-01,-6.208344886935266566e-02,-3.739482178479787422e-02,-2.908785006964710873e-01,3.558823247908989712e-02,7.377631710890057704e-02,-5.031512756162085341e-03,4.322704481314994518e-01,-4.836382151644581795e-02,-3.988283663162200260e-02,-2.419548246537104874e-01,3.425955338109759607e-01,4.413037370445128645e-04,-2.359831614830363300e-01,-1.853457894035991371e-01,-3.565359117613676188e-01,-1.383879943501063747e-01,-3.449433853043420983e-01,-6.168615803899490935e-02,2.586090024655636477e-02,-1.136941108220780178e-01,-1.454839588770985848e-01,-5.327792026930997515e-01,-8.498913910555667972e-02,-2.617751176024616377e-01,-3.285582407073977529e-01,-2.308094257087643653e-01,-4.360091718885843459e-01,-4.039269247475755775e-01,-2.748437594559224872e-01,4.731671673007910306e-02,1.008159943556312804e-01,-1.154556805063687748e-02,-1.805950812726811461e-01,-1.395127888082845768e-01,8.436053570905448218e-02,1.326142530849743484e-01,-1.833877365118730951e-01,-3.812345873963888798e-01,7.799130546494019434e-02,-8.848706699323229119e-03,-1.786415948163756762e-01,-7.018313487523036853e-02,1.965199575742498650e-01,-1.125446333976921481e-01,-2.854083006889833185e-01,7.785715687715416555e-02,-1.194955860036042705e-01,-3.144940146726696306e-02
-9.596250136259346086e-02,-3.608074667768054050e-02,-5.677848218808516367e-02,7.394176437795864365e-02,2.669559419551217339e-01,-1.108662547536280324e-01,1.118138740410015292e-01,-1.072679580531479687e-01,1.271563890072316128e-01,-7.415904670113373717e-03,-5.726024441201417181e-01,-3.558308401373921348e-01,-4.984223154747421253e-02,-2.303850400528111020e-01,-2.097191111983919831e-01,-2.034563364167709387e-01,-4.540027844108480148e-01,1.445819601850164837e-01,-9.230770262750853661e-02,-1.999888201094008333e-01,-1.648086668775697594e-01,-1.414871108546586209e-01,-3.623935991922009880e-01,-9.631435972027146963e-02,-7.083175306315390996e-02,3.096108546658259131e-02,2.892764430178667023e-01,-1.687479732555389189e-01,-2.623186989285174464e-01,3.364454224978920549e-01,-3.215983166624316048e-01,-7.795946549705154438e-02,-2.899278889565002904e-01,-2.159205128924355510e-01,-1.601386699531416047e-01,8.962165260013814361e-02,4.091016627105228953e-02,6.859912969512668712e-02,-9.201938707939361084e-02,-1.004259530769612135e-01,-3.901094689027647111e-01,-1.979986504478234433e-01,9.091233844892182905e-03,2.092354990127354500e-02,-6.264729290100408236e-03,-3.270860881290590383e-01,2.862543688450982018e-02,2.378017557373651447e-01,-2.449148774872570988e-01,-2.105987948134996346e-01
-3.891251120461824420e-01,1.799851664759244685e-01,3.195921482012732961e-01,-1.509559521133762849e-01,-4.937533952890432037e-02,-3.590060232243890703e-01,9.240599520187364746e-02,3.705452628655010738e-02,-4.726720762176901403e-01,-2.041409666321143124e-01,-2.203702222161950386e-01,1.479496350118315005e-02,-2.415452675880523994e-02,5.137550626300233653e-02,1.709001641979736655e-02,-3.790918162605847463e-01,-2.944372070264094088e-01,-3.380126792505720457e-01,-5.844736139983091050e-01,-5.061921361297673227e-01,-5.616477180971752858e-01,-4.506429156409011427e-01,-5.771793596951566574e-01,6.256756971497881570e-02,-3.138752764481866908e-01,-1.401792196218286934e-01,-1.595790631830982798e-01,5.041395299474524805e-01,9.893642534450816650e-02,-2.318138280056538103e-01,5.509061410779808599e-01,-4.742582328054829183e-02,-1.969329858804798605e-01,-1.675067056367086082e-01,6.181078337116013843e-02,1.341609382279867480e-01,9.308823610298416762e-02,9.792322977116905622e-03,-2.846199083245553596e-01,1.548528577316705679e-01,-2.488116089785256946e-01,-1.493791175692268380e-01,-7.030298965739777139e-03,-6.047755973446725108e-02,-1.239988119210481549e-01,-7.529931990983013135e-02,-4.311130029197274283e-01,-1.713611037771048951e-01,-1.277722050142423293e-01,9.436422469553328030e-02
1.871135996346589558e-01,1.580784082960859094e-01,-8.774073011336476491e-02,-2.406927587179194250e-01,-2.198765016858252042e-01,-2.947051126636396901e-01,-3.022689783003685293e-01,-7.829726376231319618e-01,-1.728514703018678988e-01,-1.731974560755810549e-02,-6.202389470003122351e-01,2.452971736319524143e-01,-3.251807419505899910e-01,6.870309314409615842e-02,-3.207134231495160637e-01,-4.234944189083275634e-01,-3.675998156779244908e-01,-1.595659598502380261e-01,-4.871161449036088276e-01,-9.323072308136384767e-02,-1.332567553660380655e-01,2.226210089570144490e-01,-1.647655328388894225e-01,-3.010327954588809529e-01,-8.713006686018665015e-02,-5.420373749826961074e-01,-4.176313036917609911e-01,1.708647529409842158e-01,-2.415444791693178161e-01,-1.370746973086344467e-01,-5.719498646939685793e-01,-2.650293663164879354e-01,1.751755016594041814e-01,-7.890083974538353306e-02,-2.222192036809329807e-01,-2.114486711578165423e-01,4.238119860673860567e-03,-5.332817156646197931e-01,1.464463475827436079e-01,-3.883184153633281732e-02,-1.225358257086030939e-02,-2.671569831124195327e-01,-1.378461124709911331e-03,-7.044367556932688845e-02,-7.655962324009166209e-02,1.462550654420583518e-01,-5.620046217676035738e-01,-8.847245973209631048e-03,-2.292568607671233438e-01,-9.326302904123680293e-02
-3.448483189549200190e-01,2.949897009784107627e-01,1.850939649256434505e-01,-2.042694566307989290e-01,-4.991545107589386021e-02,-3.515669977144682545e-01,8.849555765991874365e-03,-2.609582768461717328e-01,3.152433616495626395e-02,9.390495013093680399e-02,8.923147154471749998e-02,-1.701952720772376970e-01,2.525167873632315485e-02,3.671718533682259006e-02,1.046799155292007094e-01,9.728425588757270981e-02,-1.340825950914108500e-01,-6.258580669813183783e-02,-3.267151050278490620e-01,-8.580192945054655740e-02,-3.142074195613054344e-01,-8.652238294568509458e-02,1.394678827564274359e-01,-1.948195116581452960e-02,9.913983297600342803e-02,4.490220530167573360e-02,-5.762439337009521434e-02,1.932122736464554581e-03,-6.305770074720426499e-02,-2.153777943507452775e-01,3.125252667210243751e-01,9.725485224363666914e-02,1.941030072646750954e-02,-4.108583164888819916e-01,2.592543622958477512e-01,-2.523660699610715263e-01,-6.454995371433178142e-02,-3.071079258571141612e-01,-1.492878945956185588e-01,2.194374293479238458e-01,-2.277176504730723736e-02,-1.102024737594127363e-01,5.689574206527928633e-03,1.960797819325535984e-01,8.842807430215343656e-02,-4.125525397630336322e-01,-5.874519742708262000e-03,-2.019485540402085055e-01,-2.301433753183559638e-01,6.990658035720394292e-02
2.818427216760560627e-01,-2.261123110879901810e-01,-6.534913242476555473e-01,-3.219961318970603753e-03,-9.563760404825978612e-02,-1.179072598469469851e-01,-2.160224752318958691e-02,8.788853807024271658e-02,-1.527619695302277480e-01,-2.771890305825317480e-01,-2.047084985909383148e-01,1.395223653187331048e-01,6.429406431480855222e-02,-9.773588865600349451e-02,9.329190071340034973e-02,-1.919851580756484766e-01,-6.025993846913050289e-01,-3.656069525986420654e-01,-4.028548853552236242e-01,-2.109652903342919550e-01,-1.710030657167128376e-01,-4.133749369978313992e-01,-2.405121107573379435e-01,-3.038308419805254013e-01,5.623568714940961610e-02,-3.276775025890410475e-02,-1.368051095870232714e-01,-4.021264527339086237e-01,-1.920366585910322499e-01,-5.795468875808135190e-01,-2.308907672727361360e-01,-1.952324644588056546e-01,-3.396170385043882356e-01,-1.388178422349421459e-01,-3.708556461137785809e-01,1.449026246958250441e-01,2.581511383562757472e-02,-1.531720348359694173e-01,-3.528900795187718265e-01,-4.689656560868250557e-01,9.786394751098433098e-02,5.229015047474612488e-02,1.078440022027137152e-01,3.093944184980702145e-02,-1.633192953292783578e-01,-6.776585890973371717e-02,-4.357033914594755225e-02,3.179952521921271605e-03,1.337561759567102160e-01,-2.851934457738843354e-01
1.100622294259877010e-01,-3.786853202994929224e-01,-2.503922013800427560e-01,-1.039765204600021781e-01,-6.210395034274621140e-02,-3.101830182514369039e-01,-2.164503798398076384e-01,-2.500341669478352014e-01,8.249648877157139681e-02,-3.112738778123887995e-01,-5.520839889086944785e-01,1.022314399373274981e-05,-2.183441842904351726e-01,5.125373806736929772e-02,-7.230701060831633276e-02,-1.673486999295573374e-01,-1.245326747504977780e-02,-2.441471688915885507e-01,3.307053555644464543e-02,-9.714441461067069294e-02,-2.596887745824622562e-01,-2.324637407893268282e-01,-3.441343087744499485e-01,-4.606978194405724446e-03,2.348849598171064840e-02,-1.765099708122246785e-02,-1.565693292970000705e-01,1.277516387161150846e-01,1.089038016365180689e-01,1.698993811560232936e-02,-2.774535645824161567e-01,5.356409699112976708e-02,-1.905158904922695240e-01,-1.431637159595973430e-01,-9.777777600666222313e-02,2.257712124510189711e-01,-2.946951204535863678e-01,8.385751516751230317e-02,-2.180435328335803558e-01,5.082681469395027712e-02,-2.077765519178889631e-02,-2.064415789435730675e-01,2.318370270271836661e-02,-9.128934638465449614e-02,-1.364440332124460808e-01,-8.818086569182000123e-02,-5.243823548186267447e-02,1.206357154216696898e-01,-2.762356314419228687e-01,-3.074354675105211987e-01
-5.403724301998001911e-01,-3.050681735351630786e-01,-2.915276146670734425e-01,6.200773317544984453e-02,5.550347913943168288e-02,-4.838537006210187341e-01,-1.732387364073719460e-01,-2.890760638390278414e-01,1.917219412999452144e-01,-3.060855306412997856e-01,1.049340739605637979e-01,-2.527779353066683110e-01,-1.785709691533574339e-01,1.055049368770983043e-01,1.361198926735411596e-01,-4.289594150480706414e-02,-2.742301688141134119e-02,-1.371048594391361675e-01,-3.997770997631066442e-02,1.096860832670772390e-01,-3.476335461759294532e-01,-1.899201031078122659e-01,2.239057085430099792e-01,1.897715974083946100e-01,-2.537084816128982664e-02,-1.287975971369956785e-01,-9.714840913011883738e-02,-5.808737204017324629e-01,-4.620188278788407987e-01,1.151515920938278592e-02,1.405168244525243082e-01,4.228913060607122562e-03,2.201986734046114669e-01,-5.140023804924069850e-01,-3.648282427545434525e-01,-4.325383520847807250e-02,1.852822807821483675e-01,8.176761863177728351e-02,9.340155090460673659e-02,-4.412725635548775394e-01,-4.386896103865197682e-01,1.653266737678045772e-01,-5.330522907391641585e-01,1.280700045435748981e-02,-4.901450336854227818e-01,-1.217650631476551587e-01,-1.258902942275499925e-01,-4.048693797801535821e-01,-9.824845683004003460e-02,-2.807191882174358555e-01
-4.629327577964273965e-01,-2.418630082368772305e-01,-3.125305978943664353e-01,-6.276557123528414550e-02,-2.769847516306958579e-01,2.818183058124269502e-01,-3.403581404618178374e-01,-1.419786535643776104e-01,-2.674847423756916975e-01,-2.110068130683132592e-01,-2.528145900761548034e-02,-4.981457586930715387e-02,-6.381636641100525698e-02,-1.163978306094025222e-01,-7.596265814075979853e-03,2.109709392889166368e-01,-6.663387727591962850e-02,2.747314392025373420e-01,-1.111143833043840012e-01,5.947902065378560775e-03,-9.496124768579591868e-02,3.048627258081103991e-02,-2.801447104796724319e-01,2.753471651855961544e-01,1.492132511627094205e-01,1.198751985133226644e-01,-1.464502994723322973e-02,-4.054688163214099916e-02,-5.522211440953918027e-01,2.897571597606953523e-05,-3.992046534353734244e-01,-6.202325560279729061e-02,-9.508122957412212806e-02,-8.184957848699537380e-03,-1.709461574489720345e-03,-1.177217872046451425e-01,-2.055081044053226058e-01,-2.336238498275093611e-01,-6.894728865060713308e-02,-2.677276454253794680e-01,8.744499154176695044e-02,-4.216986267140515054e-01,2.722140686400872922e-02,-1.986010927322354874e-02,-4.037552129588053984e-01,-4.067865607520106952e-01,2.306892526313741171e-02,-2.983283111462061710e-01,1.980464535547136196e-01,-2.836029831838612902e-01
1.420163866798874741e-01,2.393297001109013014e-02,1.580118320559727174e-01,1.166385269890802961e-01,1.950902732531664130e-01,9.432074082974313545e-02,-2.504959241512939028e-01,1.774582756263138120e-02,-1.434781430117491874e-02,1.627245115583008106e-01,-3.334415457814890460e-02,-1.110635327156618835e-01,3.183361031778773054e-01,3.611480073036409111e-02,2.879053323853267843e-01,-1.880338264253500133e-02,2.560987213811145025e-01,-1.581864311911771737e-01,-1.855253967885168997e-01,2.279368460661101159e-01,6.835549038525365328e-02,9.758871525408210901e-02,9.229617714841995002e-02,1.583480092140221729e-01,7.383091236409516922e-02,9.747775482929657564e-02,-1.098799239235636639e-03,-7.273120917399845953e-02,1.281423605290847034e-01,-5.546908163487893756e-02,-1.811586888379315974e-01,5.827197060491845493e-02,-2.565178147031110800e-01,-1.713718967779235755e-02,-3.721213700486559195e-01,-1.360006050670403005e-02,1.393827656940097304e-01,-1.227342408533631524e-01,8.373656655333554244e-02,-9.213701465905388410e-02,-4.954401681108299565e-02,-5.107632746077196417e-01,1.532919951646197765e-01,-1.093325808072869165e-01,1.282313614417909531e-01,7.938176826928101948e-02,-1.452775629473773422e-01,1.590871405521140369e-01,-2.120730259706256060e-01,1.621393854652405653e-01
-2.638200649738046133e-01,5.828673943201118264e-03,6.098832766413433970e-02,-8.590934470414079982e-02,-5.456229081358527494e-02,-4.824919676141607994e-01,4.382589290793954817e-02,-8.814289876955583303e-02,-4.382262978988488850e-02,-3.699343733334551909e-01,-3.416558713173142858e-02,1.118424177852734569e-01,-1.742050648028052595e-01,-1.016685417175494793e-01,-5.601757635553161752e-01,3.011218242343112750e-01,5.098241709308865693e-02,2.011885981720203109e-02,-2.054148577707795020e-01,-6.336689339324287351e-01,-3.220514729776135510e-01,6.713264509843380745e-02,-3.443834899919422793e-02,-8.114745637587026175e-03,-6.199830363701402947e-01,-2.869233214706768953e-01,6.822350635137465480e-02,-1.385806748672502309e-01,1.923060699406965376e-02,-2.252682245800355920e-01,-2.655715754280365062e-02,-3.881752489793408034e-01,-2.769710106378714953e-01,-2.478198207793106123e-01,2.526424227291070856e-01,3.202320458896403266e-01,6.721662198414909972e-02,-8.549891343611422737e-03,-6.374098329354940251e-01,7.208188570464148931e-03,-1.407358791706397050e-01,-3.321848414301925012e-01,-2.227176547225055703e-01,5.203794692668379379e-02,-6.983206319797052863e-01,2.460059867829245475e-02,-1.102624407750677910e-01,2.069000211336565753e-01,-2.162725191079402087e-01,1.961093279905238851e-01
-2.891308398275125868e-01,-4.365512769779251734e-01,-1.326272189506396137e-01,-8.387847868655243233e-02,-5.287785847892801927e-01,-7.816979835708244562e-02,-9.882065299721012885e-02,3.140856721768805343e-03,-4.710142319293028068e-01,6.170486806376489219e-02,1.111697976993630127e-02,-1.075252457585496035e-01,-4.591722849965146902e-01,-2.518093937008629712e-01,-9.834284244193694513e-02,-1.347325139842525388e-01,-5.612020848727031774e-01,3.177202004541000990e-01,9.558655982246692939e-02,1.399860860144857277e-01,-1.350368485569118926e-01,-1.239472334477224602e-01,1.126532229819321093e-02,-1.232303420089651963e-01,-4.525474185042390185e-01,-4.579168465761371820e-01,-4.070058592751541471e-01,1.984281122079795123e-01,-4.032538716132422901e-02,-7.717208002617802383e-03,1.596716958552077056e-02,-3.214230564226063236e-01,1.822757972216560995e-01,-3.776496535044231440e-01,-3.882087969746722544e-01,-5.474679214698683349e-01,-2.602739330710598376e-01,-1.028236609955918007e-01,-1.430171693773544528e-01,1.859035392207815940e-01,-2.818800692460414759e-01,1.356063185757376555e-01,-6.132571038391319007e-01,-2.194524699727278816e-01,-2.428321120197484903e-02,2.695286286588619018e-01,-1.425582604135711695e-01,-1.799149688596846375e-01,-4.292305279564330722e-01,-1.960270196971542200e-01
-3.017140936918985550e-01,2.137295235091727086e-01,6.041282088764088343e-03,1.006117027190305824e-01,-1.346877104724967245e-01,-1.463608840401562916e-01,-3.930022259791207673e-01,-4.664914344160048243e-02,6.347164611238145793e-02,-1.106744915481414626e-01,-4.733940724553840906e-02,2.041827865535014441e-01,7.662083905655615867e-02,-2.984645388862434134e-01,2.743684545131072627e-01,2.579303734604595708e-02,-2.413778901973221910e-02,1.939902540806327791e-01,8.625800992116926247e-02,2.074487784237674937e-01,-3.283799008718575330e-01,1.024193407593347940e-02,-3.143184105495174241e-01,-1.642200068095985288e-01,5.838214381374109280e-02,-5.684016709883768503e-02,1.314867304991724356e-02,8.259391400058532784e-02,1.408074893023171514e-02,6.364548954328604069e-02,-2.056194391152163237e-01,-1.923035690970052378e-02,-2.136793447946247048e-03,-2.363670641406807327e-01,-6.736131638320697751e-03,-1.186052948666417028e-01,-5.654787658473549028e-01,-1.492498612307767702e-01,3.677079862341028210e-02,1.570391479316851635e-02,2.224273393183674452e-01,-2.386898865282898186e-01,1.868132773212188152e-02,-8.057142736527266036e-02,-4.489085715318196224e-01,-2.855348898334066909e-01,-2.337772118743978444e-01,-3.346532455127684824e-02,-1.925039493481597863e-01,-2.629166666729295526e-02
2.023088805375869437e-01,1.036674047357441092e-01,-1.960929056956327299e-01,7.172656861761102232e-02,1.800766996527371211e-01,-1.475737184317698070e-01,7.927299866636776382e-02,-5.463048975873546764e-02,-4.086644510533828933e-01,-8.156795126048917155e-02,-1.361871296776537288e-01,9.546596712378273286e-02,-4.104288436226957160e-01,-1.553351475242532032e-01,-2.141992172929575444e-01,8.340330997924361167e-03,-2.438576060889866004e-01,-3.691778960368929247e-02,6.157017156772865568e-02,-1.480625099553919688e-01,4.263879569204664932e-02,1.047141842259226574e-01,-4.794919504786579467e-01,-2.925071691596229928e-01,-1.737463260928548137e-01,-2.236007789445645655e-01,-2.370101621617136112e-01,2.981318934776614471e-01,-7.856679756780331203e-02,-7.086924978132067010e-02,4.969478556972341254e-02,-1.267045714344849361e-01,-1.557424800581682645e-01,-1.603957190508187858e-01,2.653010422146556135e-01,1.604468820772375071e-01,1.734139615800996681e-01,6.872505447071973472e-02,-1.476811114486425991e-01,-6.860120750696344638e-01,-9.171348688814690009e-02,-1.252511392219951558e-01,3.171646730307840084e-02,-2.215421806600559596e-01,4.148346324712436084e-02,-3.988795411667511170e-01,5.116257726637173792e-02,-1.884990033683154320e-01,-1.413545431590399748e-01,-2.989834440530397264e-01
2.931660520335933051e-01,-3.285974500362491280e-01,-2.498106835228380840e-01,4.796410085891070381e-03,-3.758679170498375743e-01,-1.290928340370885719e-01,-3.134969570136990624e-01,-1.964677154584127672e-01,-3.775010163323451184e-01,-7.122712427922911482e-01,-3.169447449727445520e-01,-6.259098417450688345e-02,1.666899419961150042e-01,-6.953942445919707172e-02,-1.447703694776691363e-01,-2.349831170074606623e-01,-5.969103501486888730e-02,3.774958853858373931e-01,-1.658853585804418163e-01,-2.170050123143935916e-01,3.060109547420715170e-01,8.687120036494423367e-03,-1.234283886894847748e-01,-1.255877729875942705e-01,2.323100554291044617e-01,-4.169513799123769626e-02,-4.243604167879903577e-01,2.140567225184817901e-01,-3.819912580350481868e-01,-2.834472319222361425e-01,-3.512474771279146535e-01,-1.616525229815175824e-01,2.441496518161536400e-01,4.215863424334314047e-01,3.718129369492072928e-02,-2.890795841321426862e-01,2.011737501503492453e-01,1.003976409018976640e-01,-1.986004320418060243e-01,-4.424623720016538919e-01,-1.796418922661295325e-01,-6.552546320142131620e-02,7.973418933717459078e-02,-1.470637537910128856e-01,-3.238624891310142306e-01,-1.827283593603037382e-01,-3.671288012183607785e-01,-5.004708831510095574e-02,-5.478456593390260698e-01,-4.786892267197657702e-01
-4.741805179073935728e-01,-9.740614504408313945e-02,-1.742213492317397916e-01,-3.700113550278274349e-02,-4.013132064038811286e-01,-2.518386580880161429e-01,-3.453469849752642817e-01,-3.846307711520152162e-01,-2.589118912195677580e-01,-2.293172028579174015e-02,-6.174116431589341675e-02,-1.825424161470314277e-01,-4.736133604481218562e-02,-3.805134457798306502e-01,6.068717819147827208e-02,-1.444607572265107220e-01,-2.830429152152134642e-01,-6.946466241355132853e-02,-4.648065225669142236e-02,1.891053920636551755e-01,-5.080982514689096410e-03,-1.414743348754846364e-01,-2.665351337740351489e-02,-6.579203740594707917e-02,-2.144207343641719166e-01,-4.920622399939502123e-01,-8.140161531514975013e-02,-2.798374018287016485e-01,1.420064615757963555e-01,3.216673364218056164e-01,2.471894037305699399e-01,-5.769124339955716829e-01,-2.724291780615045178e-01,-1.714502801228299511e-01,-1.454070067506075259e-01,-1.207219648894493069e-01,-9.763816898403904210e-02,-3.896932442022747467e-01,-1.564799196313555740e-02,-7.337775946222042656e-01,-1.447503048952183125e-01,-3.635655199781410718e-01,-1.996139441382871471e-01,2.797421256579823434e-01,2.355465083755902550e-02,-1.558128041226204685e-01,-1.624297066823976732e-01,4.854129545105039661e-02,2.617674681189759989e-01,3.693736511815491879e-03
-5.238435864545790133e-02,6.207178498657366789e-02,-1.256280274788594831e-01,-4.106096967414106340e-03,-4.957945226595940856e-03,-4.273339764126163898e-01,-2.002807189534065169e-01,-4.354820388634819128e-01,-2.253790184072082259e-01,-3.121511406656408694e-01,1.208530943592258169e-02,-8.741189768232682233e-02,-6.340120710692255350e-03,1.029754883842526059e-01,6.677203998468007884e-02,-2.123409807627168674e-02,-2.312015252981181740e-02,-2.222761953998985684e-01,3.240857716694563184e-02,1.373654577472728788e-01,-1.057846499298626813e-01,9.613343397025893300e-02,-9.958543905900195392e-02,-2.936827817204368946e-02,-2.376747258116706230e-01,-1.984036420061694450e-01,4.281370165322817556e-02,-7.082044367636808162e-04,-1.125707347525614632e-01,-3.082976299148815769e-01,-1.273608595148947170e-02,8.292463051641861538e-02,-5.454051055322753014e-03,8.892260616540631490e-02,-2.670701276310331052e-01,6.429950248721455486e-02,1.704172263240366636e-01,2.158324653363768442e-01,2.119163744101772995e-01,7.026007637644775261e-02,2.244254767150238514e-03,-9.395217645106160309e-02,1.448898185654536042e-01,3.162961746834821453e-01,-7.307340253338323599e-02,1.279280587336400765e-01,3.831739209249081929e-02,-1.939587615247218289e-01,2.317083422559440553e-02,1.744030435666113141e-03
-1.238173758889430376e-01,-3.119834973594243777e-01,-5.346808767324975342e-01,-5.109095148549249732e-01,-4.340611240464874454e-01,-3.493520069906752012e-01,-6.301114312194146250e-02,-3.027839111233124880e-01,-4.476816040531466645e-01,-1.652696174997370648e-01,-2.425995459302486557e-01,-1.197432152199784244e-01,-4.237733613873124194e-01,-4.579442072069425662e-01,-7.046398522366834061e-02,7.206337673845097935e-02,-2.349387789232678381e-01,-2.337722776509578923e-02,3.788429693112047719e-02,-3.308222153222869499e-01,6.271418583674792657e-02,2.162343527576672531e-01,1.554084418057183337e-01,1.586935103504927835e-01,-5.645851695295919237e-01,-2.739335567738932289e-02,-2.479064527034026966e-01,-4.524545058669361408e-01,4.914370358786614851e-02,-1.091450524040247227e-01,-4.496826709339350470e-01,-5.119903894500531516e-01,1.106539643191018218e-01,-5.927302828391890765e-02,-9.345650094962731913e-02,-1.810278098733525687e-01,-4.289581349179578118e-01,-5.634499203922773702e-01,-1.051488935411284131e-01,1.732453824169755963e-01,2.074688020845334158e-01,-9.247102783625062508e-04,-5.007363099065739176e-01,-9.693735152969593094e-02,6.929623303356360897e-02,-9.085873463413604578e-02,-2.014995377439991464e-01,-3.094846055930262074e-01,1.458243145964138558e-02,-3.910311212282775450e-01
