-4.765700539365537725e-01,2.837283109126359504e-02,2.816208740577954561e-01,-1.470220669369136715e-02,-1.341324216598974162e-02,-3.906506321672448268e-01,6.451875881405574886e-02,-3.112247243877556691e-01,-4.525314821036536261e-01,2.694137920708085110e-01,2.056131995443902238e-01,-3.419113136136600062e-01,1.897978296392995867e-01,-1.523082201656296084e-02,-4.305494546798532829e-01,1.864089388202144759e-01,-1.538330822927401753e-01,-7.348192980046641676e-02,-2.358503049853546418e-01,8.060813743494182892e-02,-4.874986597416236522e-02,-3.526166845486563423e-02,1.450206871071768877e-01,3.506730702011046086e-01,-9.936714740365761023e-03,-1.256884664140884011e-01,2.065998368258880613e-01,4.865470067508090302e-01,7.810251156405842443e-02,1.539183563853151748e-01,-1.840593792919810456e-01,7.301902187233952346e-02,8.048516067015761000e-02,8.297825369559466355e-03,3.078783679960337555e-02,2.046143458852867428e-02,-6.798460092803838561e-01,1.713725805680858250e-01,-1.775816625798795623e-01,8.893966101925482315e-02,1.393435405062741668e-02,-4.145933474380574801e-01,4.656845243403802403e-02,-1.706668370935881807e-01,-3.564328828979534958e-01,1.085664470486875921e-01,-1.198170837334975453e-01,-2.925278552612576854e-01,2.971922047848572432e-02,-6.405469501790281642e-03
3.158454860479185250e-02,-1.742466194372485899e-01,1.290432116516934402e-01,-1.808255701807527649e-01,-2.086556070188894801e-02,7.791934634208104449e-02,-5.838458232586272306e-02,-1.091694189056725134e-02,-6.490499291784161684e-02,-2.699720470499824762e-02,-2.486709076154162701e-01,2.651060244663390117e-02,1.059843993248327232e-01,1.599513795648281889e-01,3.947451844671468618e-02,9.689306385813712535e-03,1.832098312170207452e-02,2.441497260188174312e-01,7.571739677110204958e-02,2.091781119382258580e-01,-3.481239994740678578e-01,-1.072175046035527268e-01,-1.221437576227245442e-01,-1.939584422525168772e-01,1.963887004328635222e-01,2.369146317266195012e-01,1.985657435559634865e-01,-1.248107102303888938e-01,-1.805313229474178327e-01,5.449349830545682782e-02,2.020597122039376470e-01,-1.199664176304532509e-01,-5.513415446749959925e-02,-3.304193445173878585e-01,2.605902497513729599e-01,8.337111172411877658e-02,5.479666178471909871e-02,-7.182000680958701144e-01,-2.885083802229808717e-02,2.930486626010624443e-02,3.549325960578684769e-01,-3.294245585045079555e-02,2.249494267550899707e-01,-1.567932081047546944e-01,-3.942268492448588457e-01,-2.969909699676002990e-02,-3.418280467031835079e-01,9.445280194458965939e-02,-6.927499756174258783e-02,-3.917618104551352509e-01
2.573983684941894348e-02,-2.717938573840336658e-01,1.702251890066811268e-01,-8.885441338882618667e-02,4.262765288297355043e-02,-4.167331568243088369e-01,-1.878074453970955682e-01,-4.513915426506936307e-02,-3.475900722467474557e-02,2.972035321252025075e-01,-3.321281553181489876e-01,-3.173863116151778296e-01,-8.357095781923382094e-02,-4.630718319187772658e-01,-8.351182084467943800e-02,-2.604425706603548107e-01,4.290883161775885767e-03,-2.184960351904414733e-01,-4.154051592715582442e-01,-3.860534649352951458e-02,1.846054217141428200e-02,7.625518497048873467e-02,1.830537886075447179e-02,-7.022528183757764664e-02,-2.916104324768992173e-01,1.505869166288494434e-03,-2.488465309132503467e-01,2.844484410803064731e-03,-2.583568368701441020e-01,-2.604966687324906660e-01,-3.855721515579560998e-01,-2.448040264598965454e-01,-6.079011355958455209e-02,5.554825891521641273e-02,-2.691281846682589962e-01,2.483611297014622910e-01,-1.334919473168432250e-02,-1.864813960323668529e-01,-5.148151122262260154e-02,-1.873258681817162874e-01,-1.771194122024854767e-01,-1.404021986875639456e-02,-2.724181915347862470e-01,-3.364440537846890948e-03,-1.293905966015412023e-01,-3.094234051746868608e-01,-3.857911159902528420e-01,-6.813709756021223141e-02,-2.567155871309554915e-01,-1.495471811014671172e-02
-3.413587953187247059e-01,1.359616940291011322e-01,-1.385855752905735573e-02,1.751876073667549619e-02,-4.392275372009540324e-01,1.134057344628191522e-01,1.352841883816821404e-02,-3.462614074565567579e-02,5.517420613791915868e-02,-1.399249390428136397e-01,-1.657277854856130939e-01,7.082204924102905239e-03,2.543741872741623819e-02,1.614383313316750945e-01,2.061618938395445022e-01,3.076964387169570658e-01,-1.155355007984606996e-02,1.022215424744273432e-01,2.451272863786538303e-01,-5.210657199281913676e-02,2.471288168239987315e-01,1.298763077315593650e-01,-3.319573916892268328e-02,4.333082464914136955e-02,-6.527891130320527015e-03,-3.668097672259776343e-01,-1.575830712246386288e-03,1.219712957365116368e-01,1.646700073226182448e-01,1.073410313097631352e-01,4.612703615769315341e-02,4.284727928926845841e-02,-2.610031800970652287e-03,-1.074686785515537868e-01,-1.804501609487362546e-01,2.363063350235578286e-01,9.167209415438816456e-02,-5.410416563691103353e-02,4.801228554944947380e-02,1.078603337753707009e-01,3.364845295183768736e-01,-5.947526823687936115e-02,7.311955558298682822e-02,1.315161052064824920e-01,-2.371532038032576201e-02,-2.375214401877907486e-02,-6.281058086004766283e-02,-4.092074308065360433e-02,-1.481757696621094193e-04,-8.276045307837595622e-02
2.176917205673887801e-01,1.076951537622872768e-01,-9.360323774328348223e-02,-5.331553876260194946e-02,1.119948584633792127e-01,-4.874682298293979699e-01,-1.833593085882162799e-01,7.205203033502591281e-02,3.086835863620836229e-02,-5.113028926210395619e-01,2.378556179480463550e-01,-1.758057993060718402e-02,-2.962084420673711249e-01,1.764621408887583412e-02,-1.869653830967993591e-01,1.848305394089499176e-01,-5.053539020529338455e-01,2.269987376619056751e-01,-1.806874475834036320e-01,-8.793241872311713392e-02,-2.473417239035037851e-01,-4.046829209737167754e-01,-1.525126401090209638e-01,2.878768035193577171e-02,3.657526847340034082e-01,3.672650711291376713e-02,-2.093618921005445943e-01,-4.992744909366663153e-01,-9.368713140144183105e-02,-3.023204945813864897e-01,-1.462372060224589321e-01,3.964181797709832866e-02,3.483848264396184891e-01,1.858371743692806277e-02,-1.914022161953292389e-02,-3.142508480248625280e-01,1.586503102371488727e-01,-3.104522355247971155e-02,-9.078879666060317433e-02,2.717356015238113209e-01,-2.057570408410553386e-01,1.042324980239852338e-02,-3.372860869610181389e-01,1.262489960551889390e-01,-2.184251980772190793e-01,-1.713137298110593842e-01,1.014454629068796410e-01,1.273149078619548180e-01,-3.769508508444823214e-01,1.947189914468942795e-01
9.183714281357256010e-03,-4.015916141763767877e-01,-3.874306826018048544e-01,-1.740407084677290384e-01,1.173363375483262028e-02,-3.713089909023524759e-01,-1.046506184482399737e-01,-3.327787317599083250e-02,1.142646787646830059e-01,-4.512906150619762080e-01,-1.634957785316563245e-02,-1.284370326436014460e-02,-1.692418033555613266e-01,-1.510593595989196125e-01,-2.145926213594065435e-02,2.419666320791143133e-02,-5.787438619703357857e-03,-4.619644773916057115e-03,-6.992283443500495188e-02,-3.911306441757208402e-02,-1.777971850944554955e-01,1.366559043996257439e-01,-5.157649187448226646e-02,1.023912603738486166e-01,-3.505120724313576241e-02,-1.424965968835034957e-01,-1.339843739632731179e-01,1.591214948050056477e-01,-3.098316227664877909e-01,-1.620715603976932706e-01,-1.365046755441312598e-02,-2.894057964584089704e-01,-2.780291422649954214e-01,3.753559388661563412e-02,1.390666363233290237e-01,-9.850882365190882783e-02,-1.485432669114641613e-01,-4.014484342287046315e-01,-1.072082242578676486e-01,-4.926573707791762624e-01,-1.706170050806972704e-01,-4.465209500890591765e-01,-4.643624810318554286e-02,-1.928341376828847376e-01,-2.755558224318964133e-01,1.330338820334771577e-01,-2.753169002242755736e-01,-8.111945474771030395e-02,-1.883384820699868234e-01,-1.357478810987482742e-01
1.264174995386000977e-01,-1.816233503956775908e-01,3.010623711301096961e-01,9.535460774264942468e-04,-1.104643096955715102e-02,6.274157377775087252e-02,5.715195064583809131e-02,7.125614203820172798e-02,6.988058157047373486e-02,9.348501264340886019e-02,-2.077058380894498124e-01,-1.343514757246760949e-01,-6.829580198338898178e-01,1.514095255781559846e-01,-3.292050102439069148e-01,-5.013423229464393227e-01,-5.518122624727087588e-01,1.457364050880619044e-01,-4.583451629337503830e-01,-4.841087726063786900e-01,-5.598520036004712708e-01,1.614487189821917079e-01,6.328883278977962545e-01,-1.681224641134667491e-02,-4.257665946075043228e-01,-1.302075816405521280e-01,9.703809061582283416e-03,7.299640393418170559e-02,-6.609215314481146075e-01,1.261537646837306015e-01,-5.511181893828724920e-01,1.266868214574126406e-01,5.344054452451124648e-02,-2.451772006567007334e-01,2.468817545323789275e-01,-1.290130957962737912e-01,1.769925829926710312e-02,-3.900145765917777396e-01,2.588349492785006478e-01,1.915489976262246818e-01,-2.924652964972026536e-01,7.723861576969053011e-02,2.728856750020149102e-02,-1.819750923192061665e-01,-6.032300481097112310e-02,-4.679643479315990229e-01,3.189482379620645069e-01,-1.044003174185628574e-01,-9.893452497257916589e-02,-1.249118828425178906e-01
-2.964008665527513298e-01,1.100242089318666516e-01,-8.547074344014747235e-03,-1.939318539396778229e-01,-4.680086087636119857e-02,1.030189812840107827e-01,-1.796838976307606472e-01,-3.033665872536798758e-01,-1.585185284732373856e-01,-1.313065606309676003e-01,-1.254519760361406666e-01,5.301051734556876810e-02,-5.126646800908376544e-01,4.531692542409850727e-02,-3.055721546923155230e-01,9.285855674114990022e-02,-1.682213349112045009e-01,-1.156777624459487536e-01,1.621076886648544976e-02,-1.420694874160583487e-01,-1.777349251475948966e-01,1.231132800403342276e-01,9.868531907698824268e-02,-3.732637173159925603e-01,-1.868951144061742897e-01,-1.757354267613335796e-01,-1.509963819235294602e-01,-2.474958126912511769e-01,-6.606503354756122770e-02,1.454286075657302835e-01,1.285904384024094682e-01,7.425257114185467022e-02,-2.941039598639397790e-01,-6.929734454629705998e-02,-4.114067144627029521e-02,-1.362042732799540468e-01,-2.376725513993583616e-01,-4.704417516359000184e-01,-1.811646812351963842e-01,-3.432088956489706133e-01,3.654390780895584723e-02,-6.244405504060768219e-02,2.499216581620609945e-01,-9.349255277227339067e-02,2.668616828012243189e-02,1.066074323496314785e-01,2.199851103410621622e-01,-5.641635970933311928e-02,-3.231294520552679267e-02,-3.599821525554193768e-01
4.468288948816311057e-02,-5.587311017908360711e-01,-8.870007313032385321e-02,6.506598027994822675e-02,-5.007493301770761240e-01,-1.494663790979786633e-01,1.111362981193396715e-01,1.577965853785846459e-02,-3.859193329440213649e-01,-2.579291639253873392e-01,-2.769269192165101368e-01,-3.509327163185212151e-02,-7.881268573515287645e-02,-2.815641749369903746e-01,2.190471274019473169e-01,-2.611819862034793771e-01,-2.209952922164028499e-01,2.289504772077748940e-01,-1.723463344759205151e-01,-6.485298721062712213e-01,-1.233946849942782614e-01,-2.215618541318983836e-01,3.134645545355433521e-02,-1.660585941994604520e-01,-2.016021667696651920e-02,-5.085183928307502876e-01,4.326471941886411710e-02,9.166092698349906365e-02,-3.661981888697189991e-01,-2.541669061055227830e-01,-4.894778209156473714e-02,7.196751487707249428e-02,-3.513263394181594390e-01,-3.408783065592429495e-01,-3.620255766798607944e-01,5.480754233536870579e-02,-5.251763925731419702e-01,-5.810902926923221246e-02,1.001409604378484947e-01,-4.094768874087587607e-01,-3.795327034975871650e-01,-6.130092222726626211e-02,5.317008931524305065e-02,-1.733492895653606369e-01,-3.370669863626180596e-01,1.264403925640910642e-01,-2.779375958952000625e-01,6.340343418390220753e-02,1.341158020350390612e-01,6.775066718886870766e-03
6.438916994218416012e-02,5.986190021961920738e-02,9.833176279235858464e-02,-9.819208108779002575e-04,-2.039440759474051845e-01,2.467119846687253204e-01,-2.189933218439219231e-01,-2.416726399218985244e-04,-2.583636878625313882e-01,-2.348853438971170993e-01,-1.744972351549729239e-01,-1.702610658448749578e-02,-7.282037469441046684e-02,-3.784836342890389727e-01,-2.972698613837591597e-01,-3.174328489025659006e-01,-9.349525265619468284e-02,3.923602301274113358e-01,-4.227986731379944352e-02,2.660838573183668676e-01,-3.171188687176633714e-01,-2.711143046507133447e-01,-3.039435511669153489e-01,1.067810343773511056e-01,-1.171682494945444908e-01,5.819914725870024841e-02,-4.658303924350329361e-01,-3.928606814681409598e-01,1.463184262997110352e-01,-4.230270839090942425e-02,1.199253100040635622e-01,-2.797292783098122015e-01,2.891898623453297845e-01,-1.129707204224811579e-01,-3.031820385572202015e-01,2.357100685668464257e-01,-2.070083939471030199e-01,-6.553557694772413900e-01,1.478260424331470924e-01,1.705653533190815488e-02,-8.524877153277056197e-01,-3.722701653936913990e-01,-4.483952072891543295e-01,7.399770348315062298e-04,-1.347241004502940931e-01,-1.812141456890659086e-01,-4.340669784994132807e-01,2.405789318378130093e-01,-4.364597517719492892e-01,-1.849520645288422471e-01
-5.118437475242388901e-01,-5.537164284400209607e-02,1.057735598163687119e-01,-1.063134357626027843e-01,-2.180625037579917228e-02,1.641268124047602361e-01,1.837871635437618445e-01,8.424949218369272297e-02,-6.858878340936275242e-02,3.218031701736810968e-01,-1.481503197312924666e-02,-1.320571508856193399e-01,-5.194742770536157905e-02,-9.757613764669977041e-02,7.804831815390708694e-02,-1.536174167361515908e-01,-4.017398086650865174e-01,3.548029527835100394e-01,-3.618139032229144014e-01,-4.866782672385612796e-01,-2.350872819836619942e-01,-2.154973051678483464e-01,-1.934200768917369029e-01,1.388308502306941639e-01,1.874814424475012842e-01,-5.431310215394026253e-01,-2.659526136929411463e-02,1.671916026464532190e-01,-1.168869801971678529e-01,-2.615526444593790356e-01,-3.151132685212316153e-01,-1.316444547395793363e-01,-1.323397572784617837e-01,-2.700951113696619665e-01,2.298601364106964418e-01,-2.881628961106393327e-01,8.519033303531811652e-02,-4.304457086714924552e-02,-3.382575705373821462e-01,-2.182329077383875771e-01,-1.056911080893335186e-01,7.690142842694894232e-02,-2.463605446597359749e-02,-2.796822363701128022e-01,1.569158764798112837e-01,-3.085769728460046046e-01,4.488959393665550163e-02,-1.799634814661008053e-01,-6.270636247601121035e-04,2.542953742953388621e-02
4.117513445234989855e-01,-6.668019346178014062e-02,3.486803763154940755e-02,1.338086917582263224e-01,1.729706766019563080e-01,4.904117689677411213e-02,2.087721435069825882e-01,-4.365282848106000757e-01,-1.329338319487284766e-02,-3.144881236511978262e-01,-2.176125174756498581e-01,-2.141099107794384448e-01,-1.365135819221396929e-01,2.223164758945925246e-01,1.223676778719084701e-01,-9.401369673016750361e-02,2.294368586494238971e-01,1.604812680568885319e-01,-2.762587456253436380e-01,1.284211106501058700e-02,3.155065304385549357e-02,2.750944287570314950e-01,-4.516800311856242894e-02,-9.970923115973764905e-02,-1.034408737260349570e-01,-2.081431351867007451e-01,3.234816206436554875e-01,-4.456028919187767778e-01,8.734567999966832974e-02,2.652325609008455154e-01,2.712514434927162932e-01,-7.808672895727656986e-03,-4.717855160681212745e-02,1.379348124822897537e-01,3.170448910647279128e-02,3.025298125753281536e-03,6.393867661957880477e-02,2.788394641986875755e-02,-3.199123184755917060e-02,7.490600789396274772e-02,2.401667271535483650e-01,-3.235268651416654540e-01,6.356047562960506769e-02,-3.746459100990510299e-02,5.967614894048215574e-02,-1.604028513583534710e-01,-1.657024016419486254e-02,-4.047921144048852171e-01,2.172199396899223145e-01,2.179243275156087511e-01
-5.125361727995706440e-01,1.044284457019733631e-01,-3.422668972068872995e-01,2.426793344926833976e-02,2.650808931510846844e-01,-1.896594778151869387e-01,1.287194050557934899e-01,2.225019090513374320e-01,-1.006915355179568289e-01,-2.916073018318564025e-01,-5.182220343929243578e-01,-1.032326224710170548e-01,6.831202272099298756e-02,9.466877170966283726e-04,-1.134207291762694969e-01,-1.812179678378553760e-01,-1.242518438445985030e-01,-1.404732658236410858e-01,-4.458570673517759514e-02,-1.158604622567925013e-01,-1.910221284731152547e-01,-2.661043061490467876e-01,2.308981736970392717e-01,6.265741362368007494e-02,-5.345771945764427047e-02,6.218581595579280273e-03,-1.666125853011543589e-01,4.440217824158428084e-02,-7.313739821539169683e-02,3.180295953188583963e-02,-3.970663411842606516e-01,-1.715207394747030045e-01,5.953343620645252382e-02,-3.244302495761999111e-02,-2.034673796796082901e-01,7.429724591303364309e-03,-3.778225267528565468e-01,1.732142507927486585e-01,-1.823403947805632419e-02,-2.753714601594510827e-02,-5.000004491315598321e-01,-2.332843929866747212e-01,5.836751471573643768e-02,-1.148411096116752350e-01,-4.461352030338865959e-01,3.681634057974897956e-01,-2.985042479943089133e-01,3.427302871262542100e-02,-2.213226406374962651e-01,1.077656248453877641e-01
-1.157235497247454253e-01,-3.609253552258782916e-02,1.428507405962518850e-01,1.904572714848209170e-01,1.042831990676614320e-02,-2.480928445822196959e-01,-5.380353076580498550e-01,1.224659346423959405e-01,-3.721161594569566966e-01,-7.956668822616104475e-02,-5.803770621802127605e-02,1.821750225838126569e-01,-1.887093240586471682e-02,-2.082552121845218096e-01,-4.949845509946887989e-01,-1.356440849022320094e-01,-1.350238097898022113e-02,-2.069200241658305794e-01,-1.776844220509890548e-01,-3.217589440071663698e-02,3.668333038079334141e-02,4.659535977387043587e-02,-8.044633830252280460e-02,7.313699355162950333e-02,-3.053179456049109897e-01,6.238291548329318731e-02,-4.057220969085892914e-01,-1.228791786361581595e-01,1.869298728393145037e-01,-4.839604837418932659e-01,-8.787491991153890958e-02,-5.785971471629163670e-03,-1.841261548489165067e-01,-1.100583367362497622e-01,-6.003771847182931554e-02,-1.469457560139048879e-01,-3.802738991889849096e-01,8.972189977213719525e-02,4.388059057401198088e-02,-7.807273331091862945e-02,-3.559624963741589432e-01,2.856474085078195696e-02,-1.977322055977382420e-01,-2.722534591184822689e-02,-1.360555924630455216e-01,-1.338721590032080910e-01,-2.430785903777344104e-01,-2.375237390492704326e-01,-4.462077357976538816e-01,-1.353385694279961131e-02
2.906779179737722929e-01,-3.115551812943508359e-01,-4.427065624102407559e-01,-4.151992601134272820e-01,-2.476212710755722191e-01,-4.969526770891019019e-01,-1.415628122049152615e-01,-6.838559819305566057e-02,-3.595854522910251205e-01,9.766767031192481741e-02,-4.650502927144858911e-01,-3.781870515249152742e-01,-4.189371342216882677e-01,-4.360322040598992310e-01,-1.023003581860720823e-02,7.640067816756272723e-02,1.020705748013117815e-03,-4.242161645928587133e-01,-2.839135893774749619e-01,-5.983960533513447144e-01,-8.284636151593636685e-03,-4.006645953621064682e-01,-4.144751222785943989e-01,1.744662445388460992e-01,-9.629246080714751188e-02,-2.806597789355227412e-01,1.065749800354278409e-01,-6.268872624469099541e-01,-5.998625819180536389e-02,6.512236019935091491e-02,9.134414229253524919e-02,-4.494905532566629280e-01,-2.067853607217058354e-01,1.195983651829438804e-01,-4.826309201794420911e-01,7.229398546849228821e-03,-2.992736192948938778e-02,-1.362443928983648189e-01,7.123294946524842686e-02,-1.277859437541168097e-01,-5.407460579944965984e-01,-5.626004580057248905e-01,-3.205185356977449107e-01,2.672646141966923405e-01,-4.225546212429364679e-01,-5.150059772578285955e-01,-2.826836583451862173e-01,-1.495170659141425440e-01,9.465039761979540667e-02,-4.690454971942413787e-01
-4.113386405422068681e-01,-2.070564710854247148e-01,-1.558843071276446446e-01,-2.610222144600069516e-01,2.086833901022813048e-02,-4.775713786461126265e-02,-1.981315227413051605e-01,-1.650312636270594158e-01,2.266935930750694703e-02,-1.967911135675995404e-01,-4.868781614318435924e-01,1.489449256735031132e-02,-5.467408085033468972e-03,-1.665242796798621361e-01,-3.408640427994685806e-01,-4.943547310330781430e-02,-6.515323891556414060e-02,1.284032985682289907e-01,2.587398512339033618e-01,3.316731183676938088e-02,3.892604911513024291e-02,-1.859800365252121390e-01,-1.059400492105763147e-01,-1.088130491517225740e-01,-2.570794917243010569e-01,-3.023346247651417240e-01,1.616636382523071735e-01,-3.159163765217732900e-01,6.152914367977246890e-02,-2.025968757667346853e-01,-1.251864281495528863e-01,-2.852719525919908405e-01,-2.606692299309246175e-01,4.415973771220741556e-02,-4.312066178320708154e-01,-4.588597887299459416e-03,-1.574997572197787132e-01,-6.076265992453077497e-02,-2.081630775348227436e-01,-3.750091388208899867e-01,2.289163895219707423e-01,-2.989124434963968957e-01,-1.449733784306403428e-02,5.335514312458215780e-02,-1.870156564571955338e-01,2.005153439877953581e-01,-2.159345410044218594e-01,-4.487938833222056556e-01,-2.635990617049339263e-02,2.003261211882058357e-01
-9.020333473619870923e-02,3.752390340348904507e-02,-4.644993479643261258e-02,-3.617791513404856607e-01,-7.040760632083882531e-02,1.126354213313729286e-01,-7.547957797604566699e-03,-1.556444226956957833e-01,-4.294476672936951844e-02,2.468607671296364492e-01,-9.978733657279313662e-02,9.286539182520320290e-02,5.537026392203268921e-02,-2.367716081614315016e-01,9.705591015966670565e-02,-8.007558519785205886e-02,-1.211034187157116193e-01,1.718635233436288934e-01,-1.525749682681700088e-02,1.026613302558392338e-01,-1.022099079448662434e-01,-2.859741408739651103e-01,-1.065803910746874056e-01,2.113479595725215043e-01,3.415079943882671359e-02,1.034689251920989095e-01,-3.519313475758156784e-01,2.325896913132980415e-01,9.532186009257681558e-02,-3.626805652363537247e-01,-1.132561280446638119e-01,-2.719444885245139720e-01,1.584851323270282690e-03,-4.774443888804564412e-02,7.736715781130552860e-02,-9.367627737960126932e-02,-4.801242561960187283e-01,2.022611932887351527e-01,-2.027240747300126933e-01,3.654035168405709438e-02,7.175811269236814782e-02,-4.152190103724321402e-01,-3.251656465414312080e-01,2.018346121942349580e-01,1.181644955033376576e-01,3.746771086663702732e-02,-4.863555087000113741e-01,1.436268348197451139e-01,-2.265685884246926296e-01,-3.696208514508710352e-01
1.203334859584319211e-01,-2.378975452491410014e-01,-2.663115695473603495e-01,1.583440126253365665e-01,-8.435214810333678537e-02,-5.940823487853702511e-02,2.966125007015353865e-01,-3.841153075982887133e-01,2.053768427958815868e-01,-3.833983859640355263e-01,-5.893299010310180108e-01,7.118015764871407636e-02,4.804562738672386868e-02,1.612190953590473264e-01,-3.228863345885638059e-01,-2.366030280694761401e-02,-2.520625319235293982e-01,-2.726247291274542794e-01,-5.104110545211542824e-03,-2.416738636427293863e-01,-1.818182530305530453e-01,8.511718056380525310e-02,2.518819907112638257e-01,-3.642560453876340920e-02,2.769234908102595136e-02,2.129352310551967942e-01,1.724801681408830445e-01,3.222523792173275642e-02,5.851853522499525506e-02,1.343309599487843287e-01,1.345514351569554456e-01,-1.447401687992556918e-01,6.527395227076386412e-03,-1.983316472475723791e-01,-4.621709295014581054e-02,4.044700535625197352e-02,-1.165368559020387995e-01,-5.279588458376910376e-01,-6.029681857203116058e-02,1.771551007695756907e-01,-5.041895885585077897e-02,-1.231243898506347370e-02,1.046696563459218188e-01,1.740386777890252645e-01,-4.461268776036949046e-01,-1.150721680422199800e-01,-2.841328806165296372e-01,2.232195926286072718e-01,7.509265408374186934e-02,5.302473288459268186e-02
-4.723660385350701429e-01,8.567458731986103693e-02,8.419919106495259153e-02,-1.121127503714298146e-01,5.761579937841650872e-02,3.223187710091474090e-01,-5.066201622565421614e-01,-2.833810979818790488e-01,8.397642687498474683e-04,2.396327485654014822e-01,1.857199845620454703e-01,6.483948688753539413e-02,-1.372691793399384019e-01,7.923214983646022225e-02,1.570018436749947566e-01,4.241804116164597099e-02,4.486539317010380251e-02,-1.199434219530171875e-01,4.601094100835641937e-02,3.332687780004418843e-02,-4.724857465461916595e-02,-9.507834128701082854e-02,1.014813065644259021e-01,-1.248287216057140762e-02,-3.378126214059001819e-02,-7.297621121650823758e-03,1.659893937543070741e-02,-1.302657949142359828e-01,-8.450391693157272011e-02,-9.668014472107509805e-02,2.302829576155856692e-03,2.478456509847860034e-01,2.700621624118484162e-03,-9.096595412792425964e-03,-2.230388940588645397e-01,-2.654424507129888311e-01,8.263600983036238634e-02,3.539387853935850592e-02,-2.946534630253420939e-02,-3.725406381098536612e-02,2.498116082418058159e-01,-2.154072045880500996e-01,1.249931471441724229e-01,-1.588292145494683560e-01,-3.533422636724101173e-02,-3.634125497547149863e-02,-2.400261820405029667e-01,-4.644668962625105868e-01,-1.794419748740634646e-01,-1.831803323332468203e-01
-2.929885044811719394e-02,-1.193946319905835052e-01,-3.075272316595015765e-01,8.261536318041938151e-03,-3.647112563959023501e-02,-3.239941268871515678e-01,-2.019968965492913993e-01,5.568678977898484234e-02,6.733305631969514760e-02,1.895368031107281821e-03,-3.859308108532914505e-01,-1.820036404102089167e-01,-1.585102678315702118e-01,-1.060097798199930753e-02,3.112674058566707869e-01,-4.841226406070828214e-02,9.015358581914975633e-02,-1.924625650500476626e-01,5.384441998110515298e-02,-1.356761225811740634e-01,4.986824894094874644e-02,1.138579813934447876e-01,4.453720588870156705e-02,-1.329715270340341982e-01,-5.688919021269658871e-02,2.135763486194425589e-02,-1.645595983645738170e-01,4.266541205859347707e-02,-5.584398110577473706e-02,-2.210712857813852128e-01,-8.296006364809150636e-04,-5.456415883435610653e-02,6.588512244540122020e-02,4.390757813480566929e-02,3.155409391141318909e-01,5.052453098225614427e-03,5.819175092798464788e-02,2.224113749727534006e-01,-2.585680488960846041e-02,-2.914290056343899482e-01,9.864971391635418696e-02,-1.007959528726269649e-01,2.182694984948954919e-01,-3.389621595352715344e-01,3.328803679410646810e-01,3.222492783947973338e-01,1.576829177600732462e-02,-4.214100651464128822e-01,-2.668459099405372514e-01,-2.175985436053496855e-02
-3.098236458730630472e-01,1.357898798232446969e-01,5.121262593566768342e-03,-4.271799769241575555e-03,-1.406831790665309390e-01,-3.477757118384765533e-01,-2.365929694567090180e-01,-4.505464749942769132e-01,-2.979297039190374474e-01,-7.227549619949635851e-02,-5.363360925862439288e-01,2.000443541760776323e-01,-6.902396021159666606e-02,-2.840916878397532486e-01,1.614609964993825586e-01,-1.464090492748021111e-01,-2.161940900607474403e-02,-1.481721984176526674e-01,2.282118606526357119e-01,1.326996333860856747e-01,-6.386527317374149360e-02,5.352399704857939422e-02,2.580524480015387867e-02,-2.179121797514861070e-01,-1.384277653821433009e-02,-7.570535612243296797e-02,-2.694525940162480482e-01,-2.100006275199329392e-02,9.747141128050257342e-02,5.496151038905405101e-02,1.062085753107258473e-01,2.467642140408848606e-01,-2.830641949561655824e-01,-4.623018920837475010e-01,-6.078833224561583370e-02,-6.570976788188051532e-02,2.135873129898787914e-01,3.609770694037046923e-02,-6.705329088554504158e-02,-1.265105451231994804e-01,5.023663010610496249e-02,3.003702475464429048e-02,-2.694492031785049591e-01,-2.618142495141115300e-01,1.855065882641150632e-01,8.242062117324016474e-03,-2.895814261240785559e-01,-1.020988879256104070e-01,2.193958343018686252e-01,-2.843679046719586045e-01
-7.578642167041310662e-02,-1.114121535296295346e-01,-1.533585418443381976e-01,-2.124409268908649118e-01,-4.758842568000912765e-01,1.014870278010517914e-02,-2.326656476120086692e-01,-2.544973508738240242e-01,2.735701869764314287e-01,4.003780676448603359e-01,-3.842152650376485234e-01,-2.457369381822002430e-01,-3.521656541945735186e-01,-1.188302907203477171e-01,5.668265578894218781e-02,-1.058534545802792062e-02,-3.105516269822976294e-02,-3.557665305173666748e-01,2.007572632278402658e-01,-2.296733101721336323e-01,3.308048936870645190e-02,-4.335921706526609659e-02,3.076464303961261304e-02,-5.828190998354378788e-02,-2.890982929224504283e-01,-4.509474796271393249e-01,3.395459383629950700e-01,2.449100285585373848e-01,-1.253059493496397059e-01,-2.826249571182962717e-01,-6.695252217005457362e-01,-1.627963270551136821e-01,-3.197008693537311541e-01,-2.084700963219467129e-02,-5.435904398943324223e-01,-9.110261113912213049e-02,2.226239523766509673e-02,-4.294774909632274595e-01,-2.656937963920572021e-01,-3.705203712769511992e-01,-1.614258479902635768e-01,-3.647380774978788848e-02,-6.357503059670191470e-02,-1.638168283542058568e-01,-3.497103334364237148e-01,-3.105432837881247354e-01,1.531524715928811731e-01,-2.848508262818804648e-01,-2.223293921639633852e-01,-5.537180293961818656e-01
-2.540662691153417474e-01,-2.644386428695001401e-01,2.158706450926207721e-01,2.577184693484064759e-01,-3.373193491280532252e-02,1.470534538000538467e-02,-8.437464286257845281e-02,-9.175668683743738729e-02,-1.778932023027599563e-01,-4.084627689106964388e-01,2.431030407894134160e-01,-1.796696277552678189e-01,-4.123002858197395981e-01,-2.234262687068087061e-01,1.698404876237579603e-02,-4.897478678670257879e-01,6.346429858277034819e-02,1.452081021166765351e-01,-8.900805959077574825e-02,-3.762867184898729400e-01,5.156335505416694692e-02,1.775974471362580243e-01,1.567937560320517287e-01,-2.574656445618700995e-01,5.554564995905725971e-02,4.854167017290176439e-02,-1.448594501047165972e-01,2.692681444809164049e-01,8.955384987105949324e-02,-9.002070162182160273e-02,-4.853761159334998160e-02,-3.013271385880670339e-01,2.906506317657951977e-01,-5.275344242293279577e-03,1.912621017491240583e-01,-1.124507247201765869e-01,-4.503572009684777416e-02,-5.542365946404354676e-02,-5.130113859068858861e-01,-3.162313039518471203e-01,-3.785799841267581400e-01,1.384021419999940938e-01,-5.620349015428088846e-01,-4.790029382782908796e-01,-3.493210031775031976e-02,1.374741891893166423e-01,-4.459743766337722071e-01,7.998806834493094042e-02,1.411578962406169626e-05,1.113527735412154496e-01
-1.195735653949694388e-01,7.754459901971327840e-02,-3.155498009498818035e-02,-1.227507390538222359e-01,-2.796595934119674998e-02,8.028108009607202999e-02,-2.801833105858738682e-01,-2.084144306973919475e-02,-2.821810522021036757e-02,-5.778536122585250373e-02,1.141662458687339871e-01,1.022158732715057056e-01,-2.045754841371579535e-01,6.740326736854902745e-02,-1.179082472972182438e-01,-9.965843448598021848e-03,1.071163056585508130e-02,8.170563968836958013e-02,-1.308308489768198191e-01,1.867178955390569111e-03,9.494434971940904355e-02,-1.888617060854433927e-01,6.323745866820965067e-02,-2.491763038595245228e-01,-4.855806958108013771e-01,2.465546364656377720e-02,-1.528877877159529053e-01,2.501954748054283639e-01,2.320076914861097239e-01,1.655081815108503523e-02,1.007602905600383791e-01,1.426438199797895601e-01,-4.262875714766063417e-01,-1.068784452039470839e-02,-1.509038474148586551e-01,-1.929973670594420723e-02,1.520863734518573818e-01,-3.895320022277344307e-01,-2.219957457075855956e-01,-1.043325578904018419e-01,1.591545965647570560e-01,1.170526449277862063e-01,-1.403461761875648972e-01,4.802247167666258421e-02,-1.508882773583401782e-01,1.059290106911389140e-01,1.022621954840960551e-01,-2.946451605433072010e-02,-5.334911409357244727e-01,2.630901240385188355e-01
2.659103083214028884e-02,8.600364463336479526e-02,-3.207934417197689236e-01,-2.168147094472649417e-01,-1.599315756111323664e-02,-3.492792899537287554e-01,-3.433602935357684544e-03,-5.950728336988986289e-01,-2.823133464539355139e-02,1.214931049969255744e-01,6.868397499719811061e-02,-4.143491882022576900e-01,9.638914666488729299e-02,-2.730292142639128561e-01,-4.374355470544930014e-01,-1.846987699369830593e-01,-4.300461916199397883e-01,6.031871997433820715e-02,1.079643575448094028e-01,-1.570622603364469072e-01,2.325571505521851767e-01,-1.383406239016490846e-01,2.313200445549298823e-01,-4.672821217884766121e-01,2.794518699994687216e-02,4.903649714566160611e-02,2.321334351282909880e-01,3.252924458577940436e-01,-1.022153660747367361e-02,-3.544613174480935880e-02,1.212799851357578979e-01,-1.592544780008602889e-01,-1.522267520419944564e-01,-3.232897220622418799e-01,2.209222735748840871e-01,9.987183891283094028e-02,7.786761953559122318e-02,-2.946018193060098711e-01,1.438878409190869068e-01,2.494353250640381214e-02,-2.068667699847295538e-01,-1.219526771619839148e-02,-1.707455899417660572e-01,1.429683816171918032e-01,-1.251481039047327437e-01,2.823427931118781611e-02,-2.377596348159506379e-01,-1.329277211095260813e-01,-1.612641608118621506e-01,-8.895303943933545454e-02
1.219332328754865052e-01,-1.506807974451328525e-01,-9.674135934463259923e-02,1.252404828037260165e-01,-4.537395784635399332e-02,1.022235750234913448e-01,2.892330399848501779e-02,1.164207051316935582e-01,-3.444764707175423379e-01,3.152184223992989809e-01,2.973087485935323460e-01,-5.309033377014388266e-01,-1.815033705194673760e-02,-1.416353914019720939e-01,4.025291032686550280e-02,-1.061013099324653181e-01,-2.032238076785259084e-01,-3.926727674633458398e-01,-2.514148780664789418e-01,5.390152740416974397e-02,-2.858442703732941292e-01,-1.149677258473174452e-02,-2.294830496018287480e-01,2.954914071444202442e-02,4.558542475024086535e-03,2.413609677722626176e-02,-7.772942745371257123e-02,-9.103364824702456573e-03,-1.395857259470172917e-01,1.778105343625246415e-01,-4.597714555578881201e-01,1.775071366635276870e-01,1.801789479385907666e-01,2.740735140606614384e-01,3.059601197678220585e-01,6.940400256733417206e-02,8.315672559134983099e-02,2.065547860044866790e-02,-1.863164545499040869e-02,-1.366945242735678467e-01,-2.304320065214957242e-04,1.827334814296171228e-01,-6.922410997306489844e-02,-3.773065619465510584e-02,-1.492851958920541136e-02,1.491515655346585534e-01,1.166632687379807187e-01,4.758388885927210266e-02,-3.602541601796397513e-02,1.446294409657326863e-01
-7.733529738266418929e-02,9.694354402780931690e-02,-1.922389890994093409e-01,-1.727744105434601274e-01,-1.206262288447172842e-01,-1.769887046504929340e-01,-2.745379946027649010e-01,-5.713943597102819072e-02,-2.217456213097135087e-01,-4.544864818567455056e-01,1.794791122390705998e-02,-2.120910378023961040e-01,-1.557884044237156651e-01,-2.665961056047224109e-01,-2.918056702799017854e-01,-9.265627189911536388e-02,-2.872378113671407718e-01,2.276410296550976653e-01,-3.145612602828890686e-02,9.321141591702851448e-02,-6.553655538828804736e-03,9.528805733313014392e-02,-2.568143220623087530e-01,-4.708428492211385041e-01,-1.894630962454821321e-01,-4.372894062696101036e-01,4.241886617027374601e-02,-1.186791148211934072e-01,1.227861301074851808e-01,1.669829088605530865e-01,-2.851234099395914545e-01,-6.330110788045496817e-02,1.287072199656695282e-01,3.606690563851055326e-02,-3.651190750008900254e-01,-1.682852423723954216e-01,-3.530707843792086353e-01,-1.895599642412508223e-01,-2.655356313816170100e-01,-3.905120487715105226e-01,-3.332537806044083561e-01,-4.533873361154958648e-01,1.329017285692113137e-01,9.187761085313573498e-04,4.519145394918278047e-02,-2.269637099032166816e-01,-3.413093665274956057e-01,5.658652858182701140e-01,1.457835780420671523e-01,8.519524666786514044e-02
-2.719883162659265594e-02,-2.514730140431608793e-02,1.575647007468188726e-02,-1.602164310912557454e-01,-1.523936768293727984e-02,-2.825687406761416276e-01,1.862076595642849497e-01,-3.077842026069504272e-02,-2.038711902213078409e-01,3.053086181450833103e-01,-1.922846528415703693e-01,-3.406739384205818566e-01,1.851318068745734166e-02,-4.453765936205089093e-01,3.305910405666451224e-01,9.046722004533147565e-02,9.273609059880576211e-02,3.838824318145388909e-02,9.943263932476256728e-04,-3.974501986738455672e-01,-8.013962428167713259e-02,-8.055884264677168338e-03,-3.184682103755628879e-01,-3.839528559402779484e-01,-3.586599079029608728e-01,-2.571588712585815006e-02,5.021520849345328941e-02,-1.396057670356560809e-01,-1.596451628196655648e-01,3.608831143758372412e-02,-1.646841097044373925e-01,-1.892468951917316428e-02,1.510219607982332402e-01,2.440293101433478884e-01,-4.942256177033838016e-02,-2.139103780314704495e-01,5.944323197643092485e-03,1.812122976197717058e-03,-2.286571914769038316e-01,-5.631367727136035034e-02,-2.901786737421466200e-01,-2.907073397747666488e-01,5.205249487565467154e-02,-1.450570301488456060e-01,-1.612407339256743677e-01,-3.127952463219826340e-01,-1.382783460316839574e-01,1.370792437401777142e-01,1.862028951787851952e-02,9.053198328377590198e-02
5.918895718873638107e-02,8.990953179804962725e-02,-8.996975944149129475e-03,1.455458539840933166e-02,4.172262183869424740e-02,-3.406207895082435932e-02,1.649347891310463665e-01,7.431001382093657681e-02,-1.045586389625140916e-01,1.507882989928765738e-01,3.588457394759281965e-02,-1.399089968474979684e-01,4.602073989226879158e-02,2.769499405082083074e-02,-2.769572241876929741e-01,-4.673958590603808361e-01,-2.249356703053664863e-02,-3.619945177904065892e-03,-3.237773022032569004e-01,-1.499748579946373617e-01,1.410826418154665640e-01,-2.855157720704682989e-01,-1.978545699862508667e-01,-2.590786086164982294e-01,-9.043661281377680938e-02,1.291315537323541596e-01,-3.812205153119331835e-01,-1.372811804488889564e-01,-2.628350851989804116e-01,-2.230436949477571373e-01,-1.737068973425336671e-01,9.945202618958171384e-03,-2.890186162884997856e-01,-3.906487510569269239e-01,-3.436915979704776025e-01,-2.025126774234844163e-01,1.463344284900959871e-02,-1.414559482462100226e-01,3.283271578528985934e-02,4.695955547884209103e-02,-4.286124586478550630e-02,-7.996873169952690985e-02,-3.166849573968252840e-02,-1.330067613257601422e-01,-1.587167512576401762e-01,1.134705522290984231e-01,3.725258112247758352e-02,-1.042123105105065978e-02,-3.426367436871624594e-01,-1.564855203755105909e-02
-1.408665831167620064e-01,2.552533937158281696e-01,5.589434000830980492e-02,1.248661676955001021e-01,2.514993182590295473e-01,-3.035301660518722744e-01,-4.018102918198186435e-01,-1.963974712274791160e-02,-2.127385483786552456e-01,-2.297523424166699468e-01,3.207634593105392756e-02,-2.172081106287969965e-01,-2.252047093214653295e-01,-4.198765248522244309e-01,2.907051075936994966e-02,-2.559953791842020654e-01,-1.201992207996155915e-01,-3.949685551100551861e-01,3.260769204021551210e-02,-4.020988782570987692e-03,7.386566979247252696e-02,1.370239132588714770e-01,3.112170479610432694e-01,-4.242392526647315587e-01,-2.799387434138531083e-01,-1.787770773069327079e-01,-2.168902632160066984e-02,-5.884116450584657432e-02,2.391272897665061292e-01,8.139764183526676522e-02,-2.389089233304453885e-01,8.130558209954881488e-02,-5.468710178239417213e-02,-2.133889946367132640e-01,-4.064728969168064920e-01,-3.611530464985079208e-02,-4.528102538497511542e-01,-1.567002593941968225e-01,2.401324890735682671e-01,-3.554667203419493299e-02,-8.277371985742473792e-02,1.306862983227091712e-01,-1.081801722346704409e-01,3.047679220577314760e-02,-1.677340585741228796e-01,-1.031239620705384774e-01,2.447529122828572268e-01,-3.214172353314720398e-02,-2.463553000771444845e-01,3.083850326713255541e-02
2.040707840164192599e-01,4.183185022042659740e-02,-1.935321410697751210e-01,6.181460857154293109e-02,1.281123954578251845e-01,-6.363034321294949724e-02,-1.994362865168704813e-01,1.053922535709969632e-01,4.102074387377959395e-03,5.980820082344386057e-02,-4.521254540463116867e-02,1.797535597592370415e-01,-3.437650469334977976e-01,1.277393842451135519e-01,1.393689091548620286e-03,-4.588974111224161656e-01,-3.870891627329468149e-02,-1.673245608505572173e-03,-1.248633619496660047e-01,1.381840507691376729e-01,-9.406278491273682707e-02,-1.944212033479638668e-01,-2.405916785616296905e-01,-2.506740716279634920e-02,2.577563072070944428e-02,-2.549818233987296776e-02,4.077519942936803227e-02,-1.614120710415241702e-02,8.624779718742460466e-02,-1.664266621779521282e-02,7.551349747416394309e-02,-2.584668769495773732e-01,1.907860535902684146e-02,-2.860771568039557899e-02,-3.005687973428814441e-01,-1.575042673868883372e-02,-7.891065091055663014e-05,8.480658004566613006e-02,4.072185053319315323e-02,1.525452818250865039e-02,-2.651085926701216011e-01,1.782944352698785651e-01,1.283069078432647891e-01,4.647113111891984505e-02,5.623550821638528818e-02,1.009102927219640011e-01,-1.611450695958017709e-01,-1.897970876267855017e-02,2.561971845114425772e-01,1.488110820509566667e-01
1.801305398632118970e-01,-3.970224236186105649e-01,-1.161569949679510660e-01,9.066457883571205079e-02,-4.431644068403036152e-01,-2.458566697669565745e-02,-5.869711585688517363e-01,-2.598898343693208379e-01,2.395894925759566307e-01,-9.844801305509687239e-02,-3.612678348516354474e-03,3.105258930134949594e-02,1.226966945396635589e-01,2.196802148459585935e-01,2.575949176929005074e-02,-1.217801339765998553e-01,1.482530345787049231e-01,-1.852155104349388626e-01,-3.197254825281288793e-01,2.422581837045985620e-01,-1.769339873020289444e-01,-4.513906725115877649e-01,-3.371108839841908122e-01,-1.167201231606329742e-01,-5.985803479030228358e-01,-2.949148022706186145e-01,-2.600278553620233857e-01,-2.738049565607522107e-01,-4.756378341500012291e-02,1.030912086003175770e-01,1.426687798232206990e-02,-1.413824896025160371e-01,8.585817392227173411e-03,2.860601610170232512e-02,2.796688656302791509e-01,-1.590889297990800699e-01,-3.639348589001433765e-01,-2.724099554986748606e-01,-1.558811889882003032e-01,5.328826275193084688e-02,7.328178942895394177e-02,-6.210874013904369439e-01,1.145278016513485708e-01,2.336415087291272008e-01,-4.414122826607780326e-02,-2.560261250327522387e-01,-5.854782658267738693e-01,-3.359775339487408585e-01,2.039253426044947692e-01,-4.076645732186341964e-01
-5.926622728329429546e-02,-5.224709954881182755e-02,-1.885782335639562546e-01,-2.329423973005547988e-01,-6.930031023574419018e-03,2.003174124208979487e-02,-4.499604420115747017e-01,2.483409109341341570e-01,-2.400847889848065908e-01,-5.423414693699390998e-01,-5.110814287010207596e-02,-1.521064713054399165e-01,-3.231569895090334876e-01,7.814217773722748062e-02,6.056088266062094327e-02,-3.318943451272050038e-01,-2.837775745176356890e-01,-2.014626678045367547e-01,-9.096438086851196814e-02,-2.117053992344973823e-01,6.603528913145954859e-02,-6.330430037549924713e-03,-1.227903539855553366e-01,4.165735376144451968e-02,-3.183102718260921726e-02,1.037797915175211749e-01,1.252993754977611007e-01,-7.181234272545224118e-02,-4.322728308203512698e-02,-2.191467296625746186e-01,1.585931256650413290e-01,-1.022145642053054054e-01,-2.739914384357277494e-02,-1.890212818377142168e-01,-1.775074093843146128e-01,2.694729042500523253e-01,-2.065920228396519662e-02,-2.509361678556959116e-02,-3.374850820815551711e-02,-1.261463210311634421e-03,-1.731687468745568281e-01,2.214450335878017859e-02,-1.302257525737057428e-02,6.563331676867342757e-02,-1.782989447235966696e-01,-2.618657599603805286e-01,-2.709468787813628099e-01,4.183022387848955859e-02,-1.596436709970750281e-02,-6.738924671876002359e-02
-1.168884069285191368e-01,5.179083336379011748e-02,-4.835384371316947538e-01,1.447236036273911175e-01,-2.423641674828416193e-01,5.817014374735439419e-02,-6.304620196787426301e-02,-5.985565969840986877e-01,-6.946993151237823572e-02,-1.201141470194628108e-01,-5.417278706784415254e-01,-4.205002551319850790e-01,-3.882671085505345898e-02,-1.145326843557259860e-01,-1.575599793725153963e-01,9.423596706886843560e-03,-1.810675820480354137e-01,-2.456211989792483341e-01,-2.981921248899682686e-01,-4.662181661997447796e-02,-7.217475594176331333e-02,7.267785367972844079e-02,-1.487596554587570508e-01,4.506555302613211855e-02,-8.863277108985526120e-02,-3.806467400489841474e-02,2.593213326004075170e-01,-5.199301428690328297e-01,-2.299970555507944436e-01,-1.408182597606053021e-01,-2.282909869018024951e-01,-1.102915670190130759e-01,-1.035794749051585500e-01,7.491013904782159449e-02,-1.493860594193269775e-01,-3.382614062615814654e-01,-1.509542856868805183e-01,-3.796173106071248360e-01,-2.499738396362777282e-02,-1.991021075605829971e-01,7.618245793246478104e-02,-8.366997843880361052e-02,-1.443208611747837100e-01,-8.814894167139811221e-02,1.091172500793833287e-02,-2.211548670940941819e-01,1.207510524568075755e-01,1.879657281465082486e-01,-5.065191233417242200e-01,-7.991232941563933267e-02
-6.709013322615697827e-02,3.194842131927675966e-01,-3.077355380481391900e-01,4.309072353137404637e-02,-1.023763140673991240e-01,-1.764377828589295261e-01,-2.528046823607514315e-01,2.023235814834280222e-01,-6.202807238914131299e-02,-2.551326742423999042e-04,-8.308193418993720103e-02,-4.254603958645963302e-01,3.415725648794004643e-02,1.298869925985101986e-03,-3.044041944118409688e-03,-5.857042584070448060e-02,-1.845859638379481193e-01,-2.075751419998379255e-01,-1.723313995838519630e-01,-2.895765688326599752e-01,-3.295843610241908084e-01,-3.685580995922233538e-01,6.205417836519921439e-03,-5.807957191508558714e-02,-1.689110577364762722e-01,-4.462578638063444125e-02,-8.611029575433902516e-02,-2.052157757482876432e-01,-3.341877718385444229e-01,-2.385076339991096805e-01,-2.673780209849099809e-01,-3.136465725193564036e-01,5.641046592575965635e-02,-4.763335796562880725e-02,-2.364543466578079844e-01,-1.605513891236025892e-01,-7.000060804224110811e-01,-5.268666898712709434e-02,-1.459187411420626024e-01,-2.118176597462544802e-02,-3.380519045538475376e-01,-2.297881059438211873e-02,-1.319005325814761043e-01,2.325047245728823278e-02,-1.416477568602486359e-01,2.224750803488546314e-01,-7.025788104468098927e-03,1.117164590473038177e-01,-1.587373538904419401e-01,-3.292746425001993327e-01
-3.028985226352826077e-01,-4.229134888304032086e-02,-3.332376396370957949e-01,-8.082747638405475554e-02,-3.253109710370817309e-01,-9.468560374176231142e-02,-7.623647678367168057e-02,6.948101914409116064e-03,8.582745164385705006e-02,5.035407942725633745e-02,-1.498123531919143270e-01,1.394355528642305109e-01,-5.763393448752176379e-02,-3.475926681212291869e-01,-1.632299365979349437e-01,-3.120631576339514268e-01,-1.267196521015564736e-01,-2.512229696782176669e-01,2.042721508937279939e-02,-1.733755259357360745e-01,-8.144880530986575717e-02,1.478938544660896581e-01,-4.067377363666978551e-01,-1.958342713238834520e-01,-2.925158410295352063e-01,-5.727513370902267975e-02,1.442833567050860188e-01,-3.528076698125111044e-01,-1.518819537633552541e-01,-3.690302857819729998e-01,-1.177065342350165078e-01,1.657260415647901775e-01,8.285643827761333957e-02,-1.170124328198113711e-01,-4.185902706454003308e-02,-4.207938611568731169e-01,-1.608570257051593066e-01,-1.747411881311414505e-01,-2.385273447397381341e-01,3.413394626488074762e-02,-3.407990480287478308e-01,1.805324222755474717e-01,-2.575660870876336772e-01,-2.868394803381444924e-01,-3.952996254296882173e-01,-1.107909058503394883e-01,-8.428631201835920517e-02,-5.963372267647584213e-01,-1.213206753735203980e-01,-2.548927090156041797e-01
-1.486432279571199833e-01,-3.197317940535777114e-01,-1.861172116428242707e-01,-1.230426675818642734e-01,-4.631421363249412781e-01,4.008191646568120582e-03,-3.796848851649791134e-01,8.544408986267222617e-02,-3.572275513690986171e-01,-3.374393190778812723e-01,-2.030581718788697920e-01,8.282115770385457820e-02,-3.201972467358067398e-01,-1.141167806920594663e-01,-2.545431711723057933e-01,-6.593844406249398382e-01,-2.616432881797852161e-01,-5.044972799815330422e-01,-2.637247548780222717e-01,-6.796489739068004021e-02,2.149494278073025011e-01,-1.067593210732677850e-01,3.479902537093413489e-02,1.245588596555278205e-01,3.272228789343114425e-02,1.659559500541654131e-01,-8.148462371216455558e-03,-5.918902147181342305e-02,-4.199860011179278318e-01,-4.842832707739393172e-02,2.984944818282452283e-01,-4.114490207413895595e-01,-1.853354639940686666e-01,4.136903081891027401e-02,2.970810710162088281e-02,-2.505229541735544685e-01,-2.401613774681795321e-01,3.973581945542948961e-03,-4.694906720848829318e-01,9.538400209106250374e-03,-1.101751779172057133e-01,-1.777001609262554849e-01,5.401526231091768881e-02,-2.748489937780908554e-01,3.945212121425983182e-02,-2.388922729797645639e-01,-8.656296160904874970e-02,-4.571862788703849323e-01,-1.522820932795726154e-02,2.321532951477603413e-02
3.202728252652613239e-02,6.660206963696743698e-02,-5.536401999659817247e-02,-3.804896337908402759e-01,-2.062010166121084898e-01,-1.698889119085928712e-01,-1.264937363803177450e-01,-1.039766218965223338e-01,-4.695038152033636503e-01,9.689984690341113538e-02,2.385951912737443448e-01,-3.047073373793384721e-01,-4.304731159733001800e-01,-2.371851267661376772e-01,-8.827453059661351242e-02,-4.427913754558560067e-02,-3.160335443310056114e-01,1.194625869877815466e-01,-2.842485411873855311e-02,-3.832898528658557763e-02,8.053824236383975987e-02,-2.147926815697194514e-01,-2.121491655777224539e-01,2.059274241862646404e-02,2.732238158802358652e-01,-1.258600176710005236e-01,-1.049668085957098651e-01,-3.716895362925773383e-01,-2.663686939524560482e-01,-5.853134143346752638e-02,-2.678787108733876599e-01,1.075049628367156541e-02,1.461036143708010528e-02,2.509372011881013873e-02,-1.184408957470087370e-01,1.717594689810418851e-01,-3.458904587414724507e-01,2.109795515223292228e-01,3.267268983056967335e-02,1.289239890819128542e-02,-1.672786718500737513e-01,9.223131978237988915e-02,-4.994177714726798223e-02,-2.035857634464033061e-01,-1.859171260030055839e-01,-1.169963099079913138e-01,-3.653172693196818921e-01,1.063346859950723700e-01,-4.300806519701577124e-01,2.815369878610101198e-02
-7.290672670458478999e-01,2.506576885990975390e-01,-3.687083323768870491e-01,-1.831589641330449436e-01,-1.471361288880216611e-01,2.595158287745877312e-01,-2.898504251700022016e-01,-6.555890217113614915e-02,6.367256453935929428e-02,-4.928907695449215032e-01,-5.086247700951475048e-01,-2.966834051177227524e-02,-1.355603235690355790e-01,-2.431189723790105617e-01,-1.732289467880717693e-01,-1.154438234065374297e-01,-2.373781333067528365e-01,-1.646545706557403510e-01,-2.492925049981184471e-01,-3.844117363484356731e-01,-4.791277189159802163e-01,9.181402772246861910e-02,4.166037455185565147e-02,-1.079173624321350111e-01,6.140307150783771289e-02,1.500026061968237623e-01,4.140265913886817528e-02,9.861167004795583224e-02,1.812968864979553063e-01,-1.273613280901453038e-01,-2.686923974535607162e-01,1.435739391984394153e-01,1.720526385255967683e-01,-3.361025613995372030e-01,1.419849510499596179e-01,-2.209902282792157446e-01,-1.370920131917174323e-01,-1.695054271285595382e-01,-3.553022620141638721e-01,-3.530980746518362356e-01,-3.062080188276284365e-01,-4.446056648825503221e-01,1.471786707728552912e-01,-2.129513483957487519e-02,-1.998666950637928430e-02,-1.980478189060321526e-01,-1.708705603831048581e-01,1.304743631653259572e-01,-3.231002360417891545e-02,-4.578398240922310070e-01
-2.112420069653321575e-01,-2.383200092902009459e-01,-1.924161138567431761e-02,3.048570135785296648e-02,-1.386371145158072915e-01,-1.732825990237446892e-02,1.128913456552695371e-01,5.899898896739881604e-02,-6.231302881387372483e-02,-2.798297499811033817e-01,1.914918758342877836e-01,-3.185820449059174886e-02,-2.041215231450909939e-01,-4.673384519399972903e-02,-1.331407854867027070e-02,2.195820050397029044e-01,1.125479318779462473e-01,8.289989541794784422e-02,-3.859551865390655756e-01,-3.447206625060165175e-01,2.063033039631766985e-01,1.046586542204147596e-01,-1.621268060221807417e-01,2.630892093792268627e-01,-1.626082862906704299e-02,-4.559331539258664606e-02,-1.674368400156645842e-01,4.392515273601987208e-02,-1.797678659715039873e-01,-6.114704283098333637e-02,-5.638255564610379356e-01,5.044083194604487980e-02,-4.081735617144327533e-01,-1.585731828364454477e-01,7.040180259196099528e-03,-5.472887000589191087e-02,6.871325809532571882e-02,-5.342154935724584552e-01,7.045206742216132689e-02,-1.720704261392272116e-01,-5.569546607662073656e-02,-1.506264662675302068e-01,1.277443014006447441e-01,2.572582178299587935e-02,6.340218290591383143e-02,-7.773062708854751035e-01,-1.996777705948377113e-01,-2.897914412631990566e-01,-4.877789234165945398e-02,-3.213561783934933969e-01
-2.029163482775508676e-01,-1.362029947274220609e-01,-1.571149884311577039e-01,-1.198858675297827109e-01,4.999876360327361324e-02,-9.297415337531787088e-03,-4.056155091931755163e-01,1.039473397971135415e-01,-1.940378528423208071e-01,3.567134426167963279e-01,2.483970503892080350e-01,1.200223816313264608e-01,2.127657906304304403e-01,-6.417995159055105425e-01,-4.122037947819817694e-01,8.761455408631815822e-02,1.635406066632812128e-01,-1.687163840838898921e-01,3.902644513136258042e-02,-1.373395187833540976e-01,-4.252394149269412837e-01,-8.036585919181470083e-02,-1.067790472178061223e-01,-3.732748797136549168e-01,-1.366506204091336996e-01,-1.698285107699378307e-02,-6.475131408508898456e-01,-3.753267928325529912e-01,-3.125091752469713602e-01,2.538339872976828060e-01,8.057344926680329311e-02,-3.853824945172349414e-01,-1.860802985762158301e-01,-6.912055740570254292e-01,-1.369277701316770970e-02,-1.598904436468165380e-01,1.784581168328547851e-01,-2.700364103607753030e-01,5.728231482748481068e-02,1.352580920489197813e-01,-3.047952166649067762e-01,-4.654735254167359504e-02,6.928457530599991740e-03,-9.220657442574725637e-02,-1.084500469859748517e-01,-2.823358969208128455e-01,1.587862466445196241e-01,-3.583695956132113697e-02,1.876894129282198065e-01,-1.220313556181005787e-01
8.932621378644255150e-02,7.521766190157658238e-02,-2.261876014060338891e-01,-1.059178408661712312e-01,-1.211782110849000949e-01,-4.297236283408336077e-01,-1.941035157071237527e-01,-5.098805437919588270e-04,-4.880835966053724551e-02,-7.620459062043090370e-02,5.712339749707097403e-02,-8.902038366608304443e-02,2.218818407425236783e-01,-2.257203896385650832e-01,1.244233457760188372e-01,-1.985686180579073201e-01,-1.100995516198650936e-01,-5.267090453811480028e-02,1.428343083836621508e-01,-2.705558186790749664e-01,1.193760840578138166e-01,8.478925037383930330e-02,-1.173683794635694069e-02,-3.533152870879932017e-01,-3.455342997092462065e-01,-6.778155729436541321e-02,1.659605345963557355e-01,-1.335954866492491400e-01,-1.468618300926115006e-01,4.204909728297989147e-01,-3.499537417098436132e-01,4.697370724203128733e-02,1.778553956574344119e-01,4.701485244001268188e-02,-6.933507672581712411e-01,2.753718309359395877e-01,-3.249623127198003059e-01,1.362384007858005452e-01,-2.038300367926764722e-01,-2.544717818586969549e-01,-1.260871332695673308e-01,-1.188712651431062806e-01,-1.054743039423600010e-01,5.994870980573600155e-02,-5.618759629390425170e-01,6.582435894830106216e-02,-2.875157130051709739e-02,-5.872290007925082961e-02,-7.575884753221864276e-01,1.374852036699144020e-01
-5.046458365778552224e-01,1.061353475679159275e-01,6.942299510744830149e-02,-3.348681586449486769e-01,-8.514237984329683928e-02,-2.287449119861854896e-01,-3.657403385669179552e-01,-1.009445513387954990e-01,-1.125501880992956089e-01,-1.739603805705677020e-01,-1.740522116210868261e-02,1.060348796741446137e-01,-1.820649778010281494e-01,-5.360907041786933114e-01,1.299952527926841184e-01,-2.356868334836823842e-01,-2.694182544164794857e-01,4.580329138067917166e-02,4.126128051426073556e-02,-2.505193479626531897e-02,-3.319067672668016833e-01,-2.182653155215499297e-01,2.597750557686778761e-01,8.256464002525287782e-02,2.937619818040222014e-02,-1.565609945232867006e-01,-2.559012478629857923e-01,1.579205115292997286e-01,8.019788702818390902e-02,-2.895619319607536934e-01,-2.235776601851825751e-01,-2.242029683654436778e-01,-3.366447070469208436e-02,-4.850691067192244299e-01,-1.505983368568231673e-01,-6.847378404484152359e-01,-1.553469177735480045e-01,1.056544051088326025e-01,-1.739493458433812034e-01,-9.535626939928748547e-02,-6.952110221786171607e-02,-5.288996887674412423e-02,5.280651734747177084e-02,-3.644230779204961634e-01,1.725194795594587605e-01,-4.734076985840802720e-01,-1.829838034782045042e-01,1.849224205485297534e-01,1.072504740373453683e-02,-2.007620775403712865e-01
-6.496115439141121606e-02,-3.565986032858016186e-01,-1.227407068668540102e-01,-1.887891226828204427e-01,1.866966286459931235e-02,1.100429869506996394e-01,-3.528422092621531780e-02,-2.078048955006445153e-01,2.598565610000960757e-01,-2.144846815645731677e-03,-8.623504386897649920e-02,1.028538450447795960e-01,7.719207502325706183e-02,5.522643664923260372e-03,-1.157674449124385663e-01,-5.985972626800328822e-01,-4.046715737713844629e-01,-2.290569052214394274e-01,-6.200117004230090711e-02,1.781232893605911582e-01,-2.518808427299479846e-01,3.313080254072875985e-01,-1.732643166708857860e-02,-1.329187275587076222e-01,1.308478175938510846e-01,1.589955221619545611e-01,-1.619853949790429903e-01,2.087166184208363862e-01,5.498463200955033825e-02,-4.237643925841942938e-01,-1.049592710286351323e-02,1.497066662728061548e-01,-1.645447114432400937e-01,-5.379217213487786503e-02,-3.054790706491177232e-01,-7.182629599672071818e-02,-9.824634515363142584e-02,-1.602393320411374111e-01,-5.697187561690812696e-02,-4.316230101098696148e-03,2.985285600225264790e-01,3.283700907315986184e-01,4.689781910918527918e-02,-6.447609517551133006e-03,2.709332390231125598e-01,3.220071799774257282e-02,-9.414443097349564638e-02,1.634648856231028236e-01,2.430128036638572742e-01,3.292602760828464148e-02
-2.888422114102920379e-01,-5.580745671074698322e-01,8.114378419356055305e-02,1.410690265927155851e-02,-2.404346353103418432e-01,-5.243112305847456855e-02,-1.612811239192585011e-01,-5.652893435736348060e-01,-1.404285197028740384e-01,-2.193061343785943362e-01,-5.861377223010227899e-01,-4.288518959665612584e-01,-5.737710860004194280e-02,2.788275209711095493e-02,-2.554693045143452412e-01,-3.609796242384690212e-01,4.053159200869225348e-02,1.234605456784019367e-01,-7.904955496136387150e-03,-1.075776448425592308e-01,-1.846248572510258423e-01,-2.584830226732156011e-01,-2.245791150833104655e-01,-3.727918421830590523e-01,-1.091458493117559714e-01,-9.849653251646857399e-02,-1.443494453035797931e-01,-3.466810569509768958e-01,4.067117874294140512e-02,-3.232055936225013970e-01,2.336648342888831276e-01,-1.027611259789157627e-01,1.539496037418996710e-01,-4.621712859200772239e-01,6.410706097371567103e-02,9.046714473762218489e-02,-1.055140028491595439e-01,-3.417084502352954467e-02,-6.526545603288683162e-02,4.854147035341875582e-02,-4.261431142458021459e-01,-2.334522581965917942e-01,-5.409879641291054364e-02,-1.053948207877623278e-01,2.469645280822763134e-01,-5.647062267917352107e-01,-6.420926152076468496e-02,-1.148763603348915974e-01,1.788580788236206025e-03,-9.577015693067378321e-02
2.082538934499781891e-01,-6.529128249860140232e-02,-3.731357672157124550e-01,-1.001093719226358592e-01,-6.054184843891466383e-02,-3.215488433734278728e-01,1.263744030741260904e-01,-2.172187049246276647e-01,-3.969398978378994580e-01,-3.804037958765994487e-01,-4.407225755232966474e-02,-2.191153772724191429e-01,-3.500611848809492138e-02,1.356876612592309295e-01,-3.036445785172857681e-01,-3.525913292941665333e-01,-3.121074170938412107e-02,1.035688620704008217e-02,-1.363910708889919388e-01,-1.507653502539747781e-01,-3.262410524839918780e-01,-2.363583024469477212e-01,2.613632846267288090e-01,5.113232853580260834e-03,-4.570849274820820707e-02,1.291564384723768721e-01,-9.693558549520288059e-01,-9.613072811103952342e-02,-3.035528133742554924e-01,3.345762700459965489e-01,-9.493619479550122198e-02,-1.263832774313725371e-01,1.416622807787312199e-01,-5.813455816026978917e-01,2.066355373780704927e-02,3.178576471496113998e-01,-1.224787914469880890e-01,-9.666150585518935856e-02,-8.163886421420568640e-02,6.106167839816978998e-02,6.045058124739551703e-02,-1.090422721420127861e-01,-2.033781083257918398e-01,1.618029547172674665e-01,-1.173663786952146432e-01,-1.014423837651288185e-01,-4.920588812844219062e-02,-3.413255513266344465e-01,-3.009620747201630642e-01,2.508479424627381715e-01
-8.847621877196308604e-02,-1.512403388337067167e-01,-3.005917079158109545e-02,7.697562614468370090e-02,7.350602531089231451e-02,2.763808000192390438e-02,2.921753298472424265e-01,-8.987003580238431266e-02,5.102025243783384761e-02,1.006948218638614445e-01,8.180549151805065200e-02,1.378040895281040235e-01,-3.001375847176588896e-01,1.823927233705244511e-01,-3.944847865202342763e-01,1.257844516259452594e-01,1.297674161580291974e-01,-1.636508043893555864e-02,-9.677603390178222964e-02,1.806750798209847964e-01,-7.730359003654069250e-02,1.753314825968391513e-02,-6.937459976508411619e-02,2.402961341145064614e-02,3.603789531450702355e-01,-7.260249883916894409e-03,9.585206393177066186e-03,-2.700655476205912064e-01,-9.121724122220687889e-03,1.682018888071666052e-01,6.696223356473997301e-03,2.860704503301164658e-01,-3.124187082358930168e-01,2.770199245933153143e-01,-1.545713031837626372e-01,8.070913388458509363e-01,-3.161466942971358218e-02,-1.497579876573905677e-01,-4.653426658339723798e-02,-2.137832473894344942e-01,-2.502684438182856685e-01,1.435824923512861728e-01,-5.947484062283298761e-02,-3.281117616636811118e-02,-4.244759123981149407e-01,-1.847677894126929510e-01,7.276184902332541449e-02,1.418482838103322929e-01,-2.648433037341375515e-02,-1.212373590176295673e-01
-1.348069588067961899e-01,4.184245680033946840e-02,2.931716842850182747e-01,4.512888415198724329e-02,6.466731223649677118e-02,-9.709493226641269237e-02,4.933250142602179505e-02,-1.743650551849948091e-02,9.251260922295263811e-02,-1.386569431880027049e-02,-6.462263822925126688e-02,1.231792511389989409e-01,-4.290011553348365148e-01,8.422622188821496381e-02,-3.207234892762182432e-01,-1.064758270910063920e-01,-1.336341824745711504e-01,-4.031853461089275614e-02,-7.852515963349941674e-02,1.113891468410510219e-02,-2.203591239536838164e-01,-2.947448808302552403e-01,1.917860986672413615e-01,1.511218933604702441e-01,-2.458318724173509939e-01,9.912179959912914562e-02,-5.574972111196617730e-01,-2.391121539458192224e-02,-6.317907467531443111e-02,-5.793550765248656198e-01,-2.154511336347583739e-01,-1.690217853136932180e-01,-2.838941225560100423e-01,4.757759387956737862e-02,-3.153701935776107579e-01,-2.217668360172898034e-01,1.787846378328160346e-02,-2.724323350072013761e-01,-2.435622083694942153e-01,-1.167518297520652587e-01,-9.225274318303514076e-02,2.426124464206642350e-01,-1.701188505992049238e-01,1.602129637745586532e-01,1.380714707649862982e-01,-3.955795899151307027e-01,-2.974827032593168608e-01,-6.073452568603188162e-01,7.787420532770197856e-02,1.959450941965893561e-02
2.388254794242201107e-01,1.920813137372944790e-01,-2.297199556671659093e-01,-5.617047846406685307e-01,2.870240007594702242e-02,-4.637816419290194392e-01,9.269966178480758268e-02,-2.454090560583465086e-01,-6.890542934427831834e-02,-2.094604855289286527e-02,-5.518506276733506910e-01,-1.844956309976319153e-01,-2.151350725837100977e-02,1.415920860398904579e-01,-4.367149519566771582e-02,-8.531816943829270694e-02,-5.308211140121060767e-01,-6.860234950313351399e-02,-5.754122449357577107e-01,6.380898070201687644e-02,8.404123770633034618e-02,-4.841977210125515407e-01,-2.498088626639004828e-01,-2.077166772500698214e-02,1.843807528336842694e-01,6.072173088886947262e-02,-2.868842743979947429e-01,-3.811308066816471857e-02,-2.139548562188439140e-01,-9.033341603421052302e-02,-2.231613515385797233e-02,-4.587608909541986413e-01,-2.028096267734974256e-01,-1.791117473732483506e-02,-5.786147121733971055e-01,1.593100024642042645e-01,-3.584355084025801514e-03,-6.564154589034809639e-01,-2.256045956909567551e-01,-4.532183336523031708e-02,-3.003789508960178489e-01,-2.269641302198291133e-01,-2.308468464973843226e-01,5.313331929305808651e-03,-5.745293182285530209e-01,-1.265460712161717016e-01,-3.044875666718149243e-01,1.272835246086111705e-01,-2.755746968605050640e-01,-5.058732110745658428e-01
-8.420490437484845492e-02,-1.612435771384515271e-01,3.982538149765422336e-02,-4.172168530293760558e-01,-4.175218309354405410e-01,-3.000079364439193208e-01,-2.223616057494261222e-01,-1.916984449962498283e-01,4.379066330057735518e-02,-2.677858643870312805e-01,6.745210394700332235e-02,-8.001290095899538102e-02,1.306028838456418373e-01,-1.892576653981859480e-01,-1.182883664165355897e-02,-2.742570682692760560e-03,-2.827094069974241397e-01,2.447187481543509624e-01,-4.630700788940819018e-02,-2.922464768306298200e-01,1.422212044914626106e-01,2.417339514416901869e-01,-3.395781326443547132e-01,-2.221396120881437286e-02,-5.997754600745976855e-02,-4.114665430362590137e-01,2.369956516333316388e-01,-1.366832633267438951e-02,-2.301436920388190976e-01,-1.326374544231704034e-01,3.010894339320792090e-01,-1.596152553274201580e-01,-1.388290591024297360e-01,-2.774315906435641521e-01,-8.007838749992739202e-02,3.121953349697715110e-02,2.734254793330159194e-01,1.011566674103327457e-01,7.192272056496491761e-02,1.782346176781405278e-01,3.428370374928198516e-01,-7.998196075108146563e-02,-3.389616664007725211e-01,-1.459364868244338864e-01,3.211017113592100347e-02,-3.704209669318576648e-01,7.794803509014137585e-03,1.102245647486808089e-01,6.868249237571506793e-02,-1.228389527817707189e-01
