-7.714864718582841174e-01,2.370930840852388810e-01,8.853173084881821309e-01,-2.253298636606546057e-01,2.376857543840900366e-01,6.044253263644094876e-01,5.958608807363701132e-01,9.925932698914715635e-01,8.370810840056558400e-01,2.790232465426556799e-02,4.458689767246986624e-01,8.983495171444708660e-01,6.691515301791286507e-01,7.222886626593345849e-02,2.541720856195697764e-01,1.452698495832378256e-01,2.024781209742134991e-01,4.027345621158089778e-02,4.562742662975927677e-01,9.659049251128553060e-01,6.966744087804281893e-01,9.086792666139534846e-01,8.349606072207065299e-01,1.976317750516502492e-01,6.232822308231044106e-01,4.947758896417887575e-01,1.686635092485079812e-01,5.954104728873433894e-01,1.925269411360510663e-01,9.386178095245039099e-01,5.623783361779879919e-02,1.596825598461727377e-02,5.749119918050124012e-01,6.910607726304492937e-01,6.234298505219728476e-02,2.978132359377291261e-01,8.845159665849068320e-01,7.386299774440949761e-01,-5.716478209495867366e-03,5.763016832338401230e-01,1.791445106464752135e-01,6.184454799967882277e-01,6.873433382791812596e-01,7.524330594462008692e-01,6.810987102015819694e-01,9.568915540077850279e-01,7.100282488284856974e-01,6.603165440158214050e-01,8.235573731506465878e-01,7.727083076455525390e-01
7.600092014169929078e-01,7.414806668140679902e-01,3.827880537319330312e-01,2.157043703035287086e-01,7.495099117123642518e-01,1.638069623184411350e-01,4.794568224571252313e-02,6.007445285199883855e-01,5.499922894713016319e-01,5.883594379577575806e-01,8.096265580633356107e-01,8.536056764201325198e-01,8.198758465819661057e-01,6.209029600924362846e-01,7.231214995095397446e-01,6.906155137685343615e-01,2.690906863313035635e-01,6.901224603591593620e-01,3.744472265812039402e-01,6.090820205245710550e-01,5.677151820024074480e-01,3.889615619030254989e-01,1.168412935170368150e-01,5.636271050764211088e-01,9.934634931207539377e-02,4.795094203572919933e-01,3.539293568083124453e-01,5.636811053443687713e-01,7.467907504764041970e-01,4.372770455764199982e-01,5.564243363825517319e-01,3.937605983181619584e-01,5.591083151234167437e-01,3.127538001925522781e-01,4.018664411573986128e-01,5.380442793960593661e-01,6.452182488043760600e-01,3.285926990692649707e-01,7.071495291337302931e-03,8.664644883935824771e-01,7.217517807221591752e-01,3.326599532331415143e-01,2.497380751938255983e-01,8.974038340552163984e-01,3.567618891677779014e-01,1.012113390758840985e-02,1.674589398143833396e-01,-6.624069751247298188e-02,-1.066612521065133795e-01,7.715476411185457906e-01
3.867787979247750418e-01,6.826652668091114373e-01,8.758996159348333421e-01,8.417875082477923598e-01,5.245250336939268898e-01,6.597373805721139517e-01,1.024461740981566921e-01,8.273894699914592643e-02,8.529010488416848279e-01,2.912203868133171961e-02,2.130927443232345786e-01,9.503934276145814541e-01,9.883238745919614709e-01,2.212463684590429969e-01,9.319313954154756496e-01,6.369479109125633087e-01,1.649898814403140679e-01,6.596856284418405325e-01,8.689454914465385982e-02,1.763715777834910514e-01,5.425684102814953835e-01,5.470297973910410727e-01,6.037736675593635693e-01,7.566241320353928046e-01,8.949492082222479938e-01,9.523344488883821457e-01,4.405643534776503278e-01,2.840566681072008159e-01,9.249269832455263574e-01,1.027216534345033322e-01,3.851419348146136179e-01,1.016212494806238709e-01,2.528757930471163262e-01,5.017354150789560263e-01,5.806306972643321407e-01,4.522400778592982618e-01,3.853591388213765262e-02,7.326793437885481541e-01,1.788919266729765423e-01,2.260098477100818681e-01,6.997678795294253185e-01,6.556493402883585286e-01,4.394349702143949821e-01,6.802925413676123023e-01,4.740969514184178446e-01,1.353145562382394862e-01,5.727221437698499784e-01,8.324107411718552341e-02,9.321417119069744794e-01,3.727900576176763625e-01
4.123720986772284602e-01,3.432169375965530289e-01,6.532581863651470977e-01,1.204535625235414881e-01,8.130049543268844658e-01,6.834862572361590782e-01,8.701652207768050262e-01,8.958683083763951949e-01,3.879845759167348529e-01,1.169613391905764965e-01,8.216593236012021961e-01,5.210581046909303904e-01,9.369665963909163953e-01,1.162681442299162704e-01,8.154524780757254065e-01,8.491595259724353528e-02,1.450058114030377543e-01,2.881694781414532724e-01,8.397700174480617896e-01,7.001153247973738170e-01,9.202998962762956037e-01,9.652585455865567710e-01,-6.090253679077576310e-01,9.441881938973033239e-02,4.447881770272590907e-01,6.802283177969540295e-01,8.506988389123556482e-01,5.395533993349203028e-01,-8.394647736262215998e-03,9.308359224853208769e-01,7.089499992378515136e-01,2.811802638751400019e-01,4.791763057202679255e-01,8.977501739904504285e-01,4.795712215492803909e-01,5.142517885674596778e-01,6.458830560649310160e-01,2.430123569342064471e-01,2.868348566677937916e-01,9.863068727880409670e-01,9.817626149979369332e-01,2.722755433875037601e-01,8.388641888116302736e-01,5.190676329560333507e-02,5.150925263292278622e-01,2.142963157579537703e-01,3.893583202250355257e-01,6.555930943670290612e-01,2.381305110919425261e-01,7.764258086866145936e-01
9.909485077762101302e-01,2.988013677144730207e-01,4.704480979867827206e-01,1.260514578485022186e-01,4.294218670434056806e-01,4.340300666089831338e-01,8.712762114002742253e-01,1.125219873020826405e-01,9.756113799410244258e-01,7.407261652807870522e-01,2.341257764850171730e-01,-1.727566911261478252e-02,2.587879651459627506e-01,2.493825727291505423e-01,2.135026021553662057e-01,7.934462848424408410e-01,4.242716667279310405e-01,6.383238870152082578e-01,2.544380439340621636e-01,4.421630994978388574e-02,5.060715010375869127e-01,5.116898041029831479e-01,8.099338447871441415e-01,4.587197638181142456e-01,3.534702528812572186e-01,4.854549339639724903e-01,6.356335848758918328e-01,6.184501341792070228e-01,7.713831399699795643e-02,1.214956923053395338e-01,8.708170369630886531e-01,3.530101782186826354e-01,7.330831540909387156e-01,9.360275174780608998e-01,3.878103277120207304e-01,3.899514934467240290e-01,9.750142171152300641e-01,2.163766863150600739e-01,5.132171437877864895e-01,9.805072016179516847e-01,8.884340273252705478e-01,8.238846944855736654e-01,1.350875135807075023e-01,7.844445312953741700e-01,4.289001358207357173e-01,8.073970502038831931e-01,4.123106505451616943e-01,6.570340405136444462e-01,5.408364002891170585e-01,3.363172416889077532e-01
-1.096697879385522684e-02,1.675383059150857556e-01,3.065743152370881131e-01,1.371954491044158342e-01,-2.284129714926736235e-02,1.113403075294043670e-01,2.033397049070907181e-01,6.535838074667642272e-02,2.046049684810252733e-01,8.447824524500563426e-01,8.512325027466918215e-01,4.270648469612731701e-01,1.096009377424334991e-01,-1.349433210242965107e-02,-8.891457285525025678e-02,8.951870752451988045e-01,1.254516825689219392e-02,6.499299310800165097e-01,-3.148665769784460972e-02,1.707640285552129433e-01,1.226916665430273501e-01,2.135605549111092849e-01,1.694807249820699246e-01,2.602863672191539912e-01,4.964499899355625523e-01,7.099111933309856237e-01,-6.007053234926207352e-01,1.437696913750327321e-01,4.657749333878995479e-01,8.927173142613449297e-01,9.094570665335305337e-01,2.329362944872382657e-01,9.289826170981972941e-01,6.991544190862427621e-01,1.079141515486372604e-01,9.611453160802038154e-01,2.000874561304026578e-02,-1.192816766400166539e-01,2.687914724153219193e-01,-9.481473520714538139e-02,8.806856104718192857e-02,7.113898703369833099e-01,5.491836109430378032e-01,9.593834123656587165e-01,5.466625442215204966e-01,3.192874038213761034e-01,1.132998223560960915e-01,-4.989089553097563606e-02,5.474236537812030706e-02,7.539771855150021462e-01
3.139120814120253122e-01,5.864411548112865580e-01,3.336197569127988816e-01,9.937063090615764205e-01,7.385562863249863774e-01,6.847082218869766923e-02,2.555824068236180469e-01,2.840898197423236127e-01,4.083371196647248569e-01,9.283357207833462521e-01,5.781604427182792660e-01,6.731209978630573465e-01,3.090103064021866297e-01,5.707055123612091163e-02,6.312334446626487183e-02,9.114028467474245554e-01,6.926286039088648261e-01,2.855822465378732300e-01,1.029054704703748213e-01,5.710041762846388425e-01,3.422061054244302514e-01,7.719876402844589869e-01,3.052361258426117829e-01,-6.004646333235098138e-03,4.947703680838235196e-01,8.884884672330131128e-01,4.410586753463370813e-01,5.500639046593593096e-02,2.513711980977894056e-01,5.658879404869282537e-01,9.182396427987062903e-01,9.789169890074007618e-01,7.197085136201839539e-01,8.746591644340225846e-01,4.552542323608065322e-01,2.686005383282600301e-01,5.525433618551283121e-01,7.161637722492754099e-01,1.872049751117777494e-01,8.746774852097395636e-02,1.407686456805076480e-01,3.879007128699484275e-01,2.274137347388496266e-01,3.839943066262191764e-04,5.251865327583387089e-01,9.160908804271014061e-01,3.379003497656610788e-01,2.882292374152488068e-01,4.892182399405656246e-01,9.080544107706366441e-01
4.856476767208142697e-01,5.873829993823911910e-02,5.651687741369371132e-01,4.519444513717179590e-01,2.373725732126421295e-01,2.990641604297265554e-01,2.752406538053600582e-01,6.149527633337898980e-01,1.854918422516905752e-01,3.929166656469674779e-01,7.083425891172300259e-01,6.466553181529129946e-01,6.420395042565807397e-01,6.242465680900246561e-01,5.894806061243496043e-01,2.988664145615141376e-01,8.056121407633360931e-01,7.217119749460152445e-01,-1.960550943356797332e-02,8.300121599574991071e-01,5.060885477478516137e-01,4.073415328594152673e-01,9.212721802580657871e-01,6.592016569045009433e-01,3.046044154360758038e-01,6.795161840259905661e-01,1.416528053542233379e-01,6.834982245165303061e-01,4.181172870469026526e-01,5.040746658808267222e-01,8.315764909254742820e-02,8.929701644148771433e-02,4.208175040556383362e-01,7.705770541069008051e-01,1.982468779648215718e-01,5.418586234502268395e-01,8.390791767837474380e-01,1.844848729695570400e-01,-1.351050449905261824e-02,5.945394659375591306e-01,5.280820186316201870e-01,4.301627224933201599e-01,9.253067833192214764e-02,8.926887740212859912e-01,2.792388727317849373e-01,2.037215202609261311e-01,8.657391342480311724e-01,7.071204940776971704e-01,4.405297080891645845e-01,-6.157740528898900459e-03
8.464600140731155797e-02,7.523549628568778624e-01,8.721963870500391014e-01,3.959506618952015611e-01,-7.771559729607465661e-01,6.343594751282206623e-01,7.838225960738903764e-01,-3.727704248950331617e-02,8.355095611448885018e-01,9.217768521208519195e-01,8.013296895780207540e-01,6.188567604592061233e-01,9.555802839327088849e-01,1.631202226241731112e-01,1.392057235566118625e-03,3.863328552574892688e-02,5.652233041535326130e-01,9.430623379823287467e-01,-1.391801799277735396e-01,-9.419245208498068511e-02,4.897986043972146208e-01,6.425428479817156813e-01,9.286614907404211472e-02,6.616074028667981999e-01,8.564929163081989039e-01,-5.372342429359387717e-02,7.274525441528150171e-01,9.274872561871458920e-01,6.982240567971209622e-01,1.867007974676214987e-01,6.350241876334018487e-01,7.995215767743061308e-01,9.661085128904182140e-01,4.771606438117957372e-01,4.245877170944935552e-01,4.548498919008241992e-01,7.792090633354332718e-01,7.720641035683564191e-01,7.587801823669163559e-01,6.663490986201573429e-01,6.395642137930481752e-01,-6.237491007442528268e-01,5.664231074427527046e-01,1.439403197805221857e-01,3.464961176041065349e-01,8.932184426512699282e-01,1.544373062301314381e-02,1.482209831697863245e-01,-3.346947909693647610e-02,-1.553493476865393241e-01
8.103301937697413582e-01,1.414994122554445177e-01,-3.433156174462938526e-01,2.956174456963632791e-01,3.881383441260881084e-01,2.467346236104928647e-01,5.634230820611242363e-01,2.918738513075602725e-01,8.374072568882064971e-01,5.440233349399914431e-02,9.087553601815464566e-01,1.025461926437516852e-01,8.691870023003223089e-01,5.400592773586865292e-01,7.738112421791643047e-01,9.339512068369252296e-01,7.605966878315397750e-01,4.704281496483940783e-01,4.615036078804651276e-01,7.061538744541925317e-01,3.842209119804643191e-01,8.124252524306017076e-01,1.997625367686026998e-01,1.992422267263752392e-02,3.172544789417061639e-01,9.611759513313461456e-01,8.893088768342461981e-01,2.338106910646808589e-01,6.496140312495782831e-01,8.485140802644653979e-01,4.502489259882936357e-01,6.163764307177842516e-01,7.826782027194012503e-01,9.750721761770715368e-01,2.174209130877871876e-01,8.501587844225657609e-01,8.795513609353882920e-03,2.138206562292458424e-01,5.255575886501626659e-01,7.497904236930494903e-01,1.590015672614086828e-01,9.679386214380720777e-01,7.285714726079729753e-02,7.551977886183866007e-01,5.786246529901379887e-01,8.671750506102133826e-01,2.898472287094267519e-01,8.368430763668589512e-01,5.170385745699864755e-01,6.694975665102722573e-01
9.072379566008374752e-02,4.783757419209423017e-02,8.350916002392283488e-01,7.723471525851363095e-01,-1.290113198911598535e-01,2.398211130756270348e-01,9.383829369251609487e-01,4.155009048947821970e-01,1.118259346879088567e-01,3.739761034304367460e-01,1.031026869972305887e-01,-1.391292434031179970e-01,9.019252728937492414e-01,8.857121736994546524e-01,9.753854186098813717e-01,8.001591299191925799e-01,-1.434442325721791700e-01,9.258255694779108369e-01,8.705365320978546428e-01,2.888118988595084202e-01,4.856159374662991635e-01,1.034618674971290835e-02,5.736096052067224393e-01,5.373342958229256894e-01,7.059305584523204447e-01,9.554772595448783878e-01,1.491102875902908798e-01,5.079072513565203728e-01,6.866431880973422608e-01,3.358042789389080740e-01,4.756192704656332926e-01,7.563240928220704706e-01,9.156776861037992932e-01,7.143037996374349552e-01,8.803422114554775302e-01,5.519570979044899905e-01,9.554236797343195198e-01,2.602967520079629837e-01,7.759476390750115193e-01,5.649332778193473237e-01,3.119502494658305536e-01,4.986680951323586575e-01,1.189988816655141307e-01,6.460462814522213160e-01,6.814302925199210437e-01,4.181460452076878331e-01,4.260980311467330028e-01,8.328364434903130775e-02,-3.274259910552430181e-02,-2.930042837916070342e-01
7.721323120558050146e-01,1.161207028078818648e-02,9.615228590334490288e-02,5.824295538811414819e-01,7.179249884282385974e-01,4.472342650553337573e-01,9.085596273978731319e-02,7.181678013666346061e-01,6.126649123870229197e-01,5.639098922548624326e-01,5.333192965795057194e-01,5.644360967452874966e-01,1.800526818001002560e-01,7.246466204628256857e-01,9.698088812009044712e-01,-1.290578841492204254e-01,5.299827517354686046e-01,7.424537340658416973e-01,5.278434811780057245e-01,6.862018729471347500e-01,4.112885318320576578e-01,1.492919370911801602e-01,5.176485432898917383e-01,3.222598973504487985e-01,-5.316414968084400838e-01,2.210054668359841268e-01,1.932683359539610901e-01,5.273171146179866930e-01,4.921121125575381727e-01,-4.278448726440091388e-02,9.419097559430499311e-01,8.174420083649814872e-01,8.016485879761556799e-01,-2.911245985594927421e-01,6.398440162503149509e-01,9.718038281867432682e-01,7.801361036342415733e-01,6.793497235487737651e-01,1.196743922389645748e-01,3.962304975481122371e-01,3.718996017687113964e-01,6.848317554914561400e-01,2.433111741106538939e-01,2.281620688212012693e-01,9.846690106372166240e-02,2.650205364291954857e-01,9.100110056417859417e-02,3.561771986523168954e-01,8.418323396951399307e-01,5.040466202854207434e-02
8.555522278363263400e-01,4.425551874969395061e-01,3.478855533647257081e-01,-1.376775996274368363e-01,3.903504118244480181e-01,8.613640713021607220e-02,5.618347388967679379e-01,7.364646583344905961e-01,1.570084214482206017e-02,-7.730689882507696398e-01,6.762247864137573006e-02,8.966207428602200880e-01,2.648718096357471907e-01,7.887015356559448076e-01,3.605725399109977469e-01,-1.581934676345064239e-01,8.867794941333455583e-01,-5.221388310949280631e-03,8.983187223451045700e-01,8.323310464325093250e-01,1.681645173453799602e-01,-1.558073463381925705e-01,3.974981693058986520e-01,3.282567891162310181e-01,8.048537291250772441e-01,3.969090144242319873e-01,8.852072024856632027e-01,-7.702321586967677547e-01,1.601161248825286598e-01,1.207956313655744567e-02,1.007705164789413077e-01,-7.142195360011381888e-01,5.947612975472043040e-01,7.023663776808672932e-01,9.507816412684672036e-01,-5.995360954274816523e-01,6.237841762168349069e-01,3.138156347213192365e-01,9.586474989548285919e-01,5.093486779818829913e-01,6.901115615663159231e-01,5.697765072396980546e-02,3.930223167378136817e-01,-7.753313028248659533e-01,8.382085252629022099e-02,8.340527993392984341e-01,9.841585003431867207e-02,2.280962786200602666e-01,-3.637686309095345544e-02,5.425780945500191521e-01
4.045871583846927244e-01,6.301149376023353899e-01,4.875808238171208675e-02,6.683226532229810113e-01,8.764950395398145577e-01,7.043047302036019586e-01,8.057716730624030210e-02,8.983098248263203800e-01,5.585373528565492629e-01,1.557207606962338897e-01,7.835440795902316458e-01,7.064833002586212718e-01,7.110081153300470413e-01,1.988077677609684235e-01,9.300423031366785720e-01,9.909591441339328233e-01,7.543767487555683715e-01,2.934262279617853020e-01,-3.159347128720151748e-02,7.607140962230072301e-01,6.948659618969658114e-01,1.933440498841172139e-01,6.366143793393216344e-01,-4.363814470273004453e-02,8.489751216496608244e-01,3.596420392147064438e-01,6.191360047315301873e-01,3.791361557349723355e-02,8.480097446433481068e-01,5.963552018621743889e-01,6.064746498696879096e-01,7.544200476297278080e-01,3.848891891229281326e-01,1.684972144270658612e-01,6.667167691041254729e-01,8.781923388141326114e-01,7.642853751539148144e-01,3.904877934246336335e-01,7.623695939434356472e-02,5.000984557362974092e-01,5.131916746244284955e-01,1.188302882058369508e-01,8.665622629789762055e-01,7.670808324575396631e-01,6.770340404684934699e-01,4.883521965409232113e-01,8.264874691871613166e-01,7.023719013713474180e-01,3.934512235346945136e-02,3.899694252847102360e-01
2.366972860506785514e-01,3.438381709965937505e-02,1.014404480738507752e-01,7.587272205319074425e-01,3.842833056832885286e-02,7.653399019109982104e-01,6.610834449721634254e-01,8.700364948239696083e-01,7.703879287309538526e-01,5.214465642989262184e-01,3.315287006662562819e-01,7.916475454122413602e-01,3.728457948272700245e-02,4.212973298650817822e-01,9.799691401052367246e-01,6.823889854000974031e-01,6.488483306316121801e-01,4.012712197627734123e-01,6.979389188995070992e-01,-9.572957276009748037e-03,7.038302801954056109e-01,7.256738973642185009e-02,7.832413445028985066e-01,-1.256343053108074925e-01,9.804530670505472445e-01,4.449960155272554840e-01,2.915894328451816286e-01,6.197244340798642170e-01,1.349008883936501368e-01,-2.154484174900181959e-01,5.599791360082739811e-01,4.552508221391693422e-01,2.601832833256678690e-01,8.320450808496772099e-01,7.147720255908805997e-01,8.453684943210054703e-01,9.660741713212908088e-01,3.898499154021263235e-01,4.050742137154422218e-01,8.294258449055497140e-02,2.145539978818183924e-01,5.303897652542760577e-01,6.553452027958663884e-01,1.282535552388534283e-01,7.425059773511492045e-01,4.723606811260437910e-01,1.455537951393526437e-02,5.901822819400762699e-01,8.277259620624755065e-01,2.324191441516332834e-01
7.256069515225911370e-01,6.065878082903342072e-01,-1.578749241002774251e-01,1.043379393066496963e+00,6.697825414232713159e-01,1.076112888381259083e-02,6.672789194522724676e-01,7.709473831506669095e-01,6.404177168291620703e-02,5.363975788928828647e-01,-1.209368323990429178e-01,5.928007318268055936e-01,7.421993887636980647e-01,8.071027824562609920e-01,-1.882014244419754900e-01,6.758962138343725945e-01,-6.576458888561065308e-01,-7.692407815429994633e-01,5.636736513297345708e-01,8.836305960788470859e-01,-5.375834101379734636e-02,3.237766836623727218e-01,8.644394476015673234e-01,-2.984151415661701612e-01,8.041861236870243568e-01,8.863984282434413942e-01,8.165585448740920738e-01,-9.103180598215809133e-03,-7.351699034608706329e-01,8.655131740994239653e-01,8.950077482662568418e-01,4.936890914981694745e-01,1.097768239559820252e-01,6.387492925944177058e-01,5.435152443185599092e-01,4.598994142160910403e-01,4.368229266025648316e-01,6.209937482046483659e-01,8.486757071197589264e-01,-8.048583432138504135e-01,-1.446193950128834005e-01,-2.053306528063854608e-01,8.843625031120436741e-01,7.041817534255749855e-01,-1.940143047682715005e-01,3.261654654835337563e-01,2.202092974532091074e-02,-6.461447224179277526e-01,-7.751227302684943199e-01,-6.581198214319823603e-02
-4.293912845222275787e-01,7.632063805756037489e-01,1.340548443498233155e-01,-5.181444609159290282e-01,5.926688723512569812e-01,7.700227727086169649e-01,9.235494049591714827e-01,4.497144632532137920e-01,2.733607360215723481e-01,9.183922970322087875e-02,5.919555787496607602e-01,9.467513679925227965e-01,9.696971826304089381e-01,2.951026259227682580e-01,7.799106531997083980e-02,3.339768776665833494e-01,5.824939986913045820e-01,3.395391824511992396e-01,5.897412522758014308e-01,5.986925601219690307e-01,4.661023540665371612e-01,4.269513331431106784e-01,7.822399055741624530e-01,6.483985442009637667e-02,3.748377274683156735e-02,5.714672740725192934e-01,2.022143084397515778e-01,4.078492817296554551e-01,8.019166080563904231e-01,1.397906781490023953e-01,-3.638318933148013828e-02,5.693598927216014793e-01,2.210396309841172191e-01,3.315118138208104220e-02,8.013073643080285136e-01,2.548695898773915558e-01,-3.111788715135087660e-02,1.166947532080712946e-01,-3.321566696587140155e-02,8.193866689895912270e-01,2.969227841253731515e-01,7.671960065539262796e-01,4.316030619097681320e-02,1.782072425979434049e-01,9.213604197393009398e-01,8.772050919312239792e-01,2.407178606933271792e-01,4.961736441811259168e-01,9.000947803904548739e-01,7.806659734607385159e-01
3.660554895185407220e-01,9.332239976445149132e-01,2.310957147336392681e-01,7.811053517631638687e-01,5.477337904363918097e-01,9.755848490562345487e-01,7.261112302998313783e-01,1.128991373734789527e-01,4.702341901998934037e-02,5.762479081378063528e-01,5.838375993664161046e-01,1.167967079629293747e-02,6.655895050462466989e-01,3.134179098851996859e-02,6.210417668898010612e-01,4.456989711725454772e-01,5.229529249099246213e-01,2.580126845075177977e-01,9.934425665897436142e-01,2.485771000525013041e-01,-1.288357926674693621e-02,3.767400058013313235e-01,8.640308873332456230e-01,6.198433964300062993e-01,2.571278921490471880e-01,7.173305272390989584e-01,2.373115006022753215e-01,8.014984340506157157e-01,1.315557243416782263e-01,-5.587001726382202771e-02,9.071600746514361102e-01,4.363186384127106243e-01,7.762547785854749804e-01,9.283108486658916414e-01,6.384931642933455720e-01,4.268818425735125266e-01,6.546880091406799274e-01,1.922759954279538164e-01,9.879095902743953994e-01,5.291088667716011829e-01,5.825279714678388565e-01,4.872968230245409149e-01,9.530157602421382781e-03,7.207749583424528650e-01,4.698097571051249588e-01,5.759868297691282946e-01,5.287046109814173001e-01,9.799276226374220577e-01,6.260701665365064894e-01,6.262707497359797371e-01
4.504108363352838373e-01,1.786889930510981717e-01,8.690681480650976065e-02,7.735880780911841281e-01,2.323420165144790273e-01,3.148511935965187525e-01,4.721236424268232534e-01,1.707538520144122607e-01,6.688449996075352955e-01,5.962909319576625844e-01,1.483290261775138952e-01,6.909229349073171544e-01,5.890789515683385602e-01,4.612320167267758286e-01,9.658573712526941080e-01,3.763417895859893503e-01,8.703576360049729566e-01,4.834211211892072146e-01,4.620881725662658868e-01,3.012985189220052651e-01,9.009643901212087691e-01,2.394417893793011343e-01,1.995708747030151831e-01,4.891455024841241950e-01,4.775770857496469124e-01,6.344784223927157907e-01,8.834603226767888673e-01,2.170882524531913826e-01,4.213517060343581200e-01,2.218815051168143149e-01,3.091004559144155395e-01,3.220053193814566561e-01,6.843360020576958469e-01,7.950170192962786875e-02,6.630591077361152053e-01,6.088712524430383022e-01,9.413955869368304530e-01,3.189037737586351146e-02,6.756403326240771889e-01,9.685761882586059468e-02,6.520539120959933932e-01,8.169863457608145252e-01,1.306016831758332886e-01,2.542765472170492869e-01,7.986802752810067130e-01,5.391828209538476191e-01,5.644753662572099540e-02,5.452212631464883330e-01,5.917770271176310271e-01,9.585245687435133277e-01
1.540857286867050868e-01,-1.710432675220636620e-02,9.517788359232897122e-01,6.604948541706743281e-01,9.364839236443213144e-01,8.173820199553288868e-01,7.829709690035949188e-02,3.856854369196948129e-01,8.686964666967558202e-01,7.918418469466129705e-01,3.984607536798284166e-01,2.781746290554018217e-02,-5.781545378926760542e-03,7.780082765618854257e-01,6.190750401972703321e-01,3.859290217646013099e-01,1.710422454235882225e-02,4.054758611211098374e-02,-6.182883976430905704e-02,4.328384200313264429e-01,7.507756954020445850e-01,9.260913661128414298e-02,-7.413451932364271968e-02,1.322636416356961220e-01,6.523124593200479993e-01,2.853177640961106903e-02,9.532040323750432531e-01,8.752308097513884777e-02,5.790635670493384790e-01,8.994021272587829352e-02,4.851798364916597994e-01,4.122138298440614079e-01,6.730717885899009101e-01,1.885728203264534497e-01,5.593464011188402640e-01,7.051724856051169166e-01,4.267704158018024163e-01,9.109117739492779142e-01,8.382136473538868149e-01,7.504383643930760961e-01,7.904562729558005651e-01,6.756633625645632746e-01,8.770425566991592037e-01,-9.448424207922481721e-03,2.435408193289517742e-01,6.031343494202483502e-01,5.044607885025890193e-01,3.949069283326086532e-01,4.880268637028988277e-01,-7.363234511874150456e-02
2.847398639258232889e-01,3.412205894492747471e-01,4.560016009311304019e-01,7.924384039254143142e-01,9.238698529820096317e-01,6.154785671341479469e-01,9.670078852893704280e-01,3.260907697651832526e-01,9.574104917116391666e-01,8.218774248229600010e-01,-1.870444076246635320e-02,1.637291252063984570e-01,4.128508535119908007e-01,-7.505705981148710348e-01,8.630134866838209406e-01,6.240341838099857652e-01,8.265097105861233251e-01,2.053383929842278188e-01,5.278373458609882940e-01,-7.758637997197851410e-01,1.215859904945519043e-01,7.111407561562848034e-01,8.682915115701486108e-01,9.674596538918399657e-01,5.280689280284935755e-02,7.401352843715696128e-01,1.613011254906609460e-01,8.405993492569696635e-01,1.575884926064461955e-01,-7.784730353366982325e-02,4.624561799666422335e-01,2.771748940078477275e-01,9.473615754192592220e-02,8.022482603033253001e-01,7.030688660801990286e-01,8.168366549267176424e-01,3.514807196846942428e-01,8.181472089455488206e-01,1.031222075502935369e-02,2.578410090762932039e-01,-3.738005019798095740e-01,4.754397022550944651e-01,7.928067813334924718e-01,6.547032246937288524e-02,8.126884971155562409e-02,5.299971386478248281e-01,2.984754077728106192e-01,5.213850294062423174e-01,4.744870581756053252e-01,6.405986587399725707e-01
5.079044975792660344e-01,4.734916804511729027e-01,5.747333166237578173e-01,4.356653482428494151e-01,3.443726305146014299e-01,2.642058368889841358e-01,8.211180494575957001e-01,5.141567624975147688e-02,5.362035851849981105e-01,3.658059521364376288e-01,6.444056999059002422e-01,8.770885378308056479e-01,6.628815882550272987e-01,6.865783856213570902e-01,8.273061777419479235e-01,3.172964033353983804e-01,6.831493465806511844e-01,5.327395251374378304e-01,5.480633006789753514e-01,6.940952337035587449e-01,1.607331590088358630e-01,3.320495873662286934e-01,2.659692828350299632e-01,7.222204123672468778e-01,2.908257081084791862e-01,1.347345888599670305e-01,8.496563787834209291e-01,5.632537514348346930e-01,5.585139614929145874e-02,6.496940147156915479e-01,3.344073899920996240e-01,9.035276963437081088e-01,6.120159902800622609e-01,7.604047001064943023e-01,7.726728405396349197e-01,4.501187988039555554e-01,8.190521568137658637e-01,5.146077772333409461e-01,2.766687354099552909e-01,6.564283433915444332e-01,6.654625980001763752e-01,1.889873166546326422e-01,6.907710099910742141e-01,1.459422248552198764e-01,9.825075388570944090e-01,2.498987282127869414e-01,2.732998043307047764e-01,6.656628399713784838e-02,7.378870156977908046e-01,5.485217736067733441e-01
2.822306927047154024e-01,-6.868952500486770196e-01,6.437923597427012978e-02,3.736807546224867327e-01,7.161661373047940593e-01,8.648560654532084779e-01,8.330305499835476413e-01,1.497289115469178922e-01,3.050523791714881625e-02,8.968022585455979190e-01,9.560011284362242012e-01,3.357329774441570325e-01,2.870968510500148119e-01,5.239942469277878434e-01,8.770087473325320904e-01,2.576696460714600900e-01,6.700532113261069567e-01,8.027850084156276100e-01,4.596041165046657051e-01,9.776653002887416566e-01,2.222404549443696975e-01,8.469472903550340215e-01,7.073022281573041470e-01,9.228433300403804385e-01,9.284515107205599804e-01,5.606327691515511358e-01,2.582301117335386934e-02,1.481046909635797548e-01,3.274136070022455880e-01,8.043421580013697669e-01,2.815065775082374322e-01,8.306057981849123140e-01,2.495363503354517953e-01,-7.830638206254723066e-01,3.810399671456280446e-01,5.980669742226556451e-01,4.510354950150928799e-01,1.249230709741454108e-02,3.567509094616845289e-01,2.704523435350898453e-01,3.256770349143782162e-01,5.536456120514940960e-01,3.616422802878017095e-01,1.392715631856226433e-01,2.980995873905093463e-01,5.871108589903348829e-01,4.530457857133405875e-01,3.957080646581709327e-01,-2.149811189161934984e-03,8.137522854327750021e-01
5.572556973245775813e-01,5.457782296149940038e-01,7.970896254323761587e-01,1.353125965330132241e-01,5.728362499555541554e-01,6.368125502279340377e-01,2.293445220197788126e-01,7.837557282836723482e-01,3.307583107667788624e-01,6.502703728099438196e-01,2.545640965357433005e-01,1.549038544801421280e-01,1.630087960615440312e-01,2.977879574201716673e-01,6.946887790224054449e-01,1.154233827092119025e-01,8.204079950489037154e-01,7.374545920648748476e-01,4.999986506647984275e-01,5.970962081195472226e-01,7.069601997265444193e-02,9.838829179086698851e-01,5.276902209931479959e-01,4.722759724791789626e-01,3.037522088408963206e-01,7.953527965872239092e-01,7.102209594731420661e-02,1.847284973996375923e-01,9.582166604694247747e-01,3.968840797027674006e-01,2.474958239214592945e-02,8.810029630266946743e-01,2.822988742861259337e-01,3.332331480607500507e-01,9.521680368351748136e-02,6.802705932987282988e-01,4.505089754157671211e-01,1.554288181118645973e-01,7.527429103433100899e-01,4.410151435270679987e-01,5.288416221299717668e-01,3.451874514894646695e-01,9.656758156915038471e-01,5.780904278337843927e-01,7.846693616363408230e-01,3.441723863207628020e-01,5.295252026857767413e-01,5.360226026308003711e-01,6.769423456786994864e-01,5.076022118978333886e-01
2.085734513529283463e-01,8.548265609028027345e-01,1.663671305900898956e-01,6.576927544656998581e-01,4.922602697045381226e-01,6.944784761326067146e-01,1.888854728589626358e-02,6.091623664730410059e-01,8.562356723820452320e-01,7.410002704956004660e-01,1.919481047063973655e-01,6.369423792106807536e-01,3.701692417226118970e-01,5.907921956868950053e-01,4.027100171391983507e-01,4.364445179139755937e-01,4.894893346579505811e-01,4.344750803177686582e-01,2.031308022279624259e-01,7.595593482282241293e-01,5.178666352675080908e-01,5.598366721084508946e-01,2.896579511615480773e-01,8.811975996467442673e-01,2.888347803426970506e-01,4.334476973076791251e-01,1.169982078250857427e-01,7.711048398439028784e-01,1.655242620622800476e-01,2.713975501931102374e-01,9.521654934403824821e-01,6.873284190348534217e-01,8.704467852560614505e-01,9.945395020376106565e-01,7.821385450733132627e-01,7.601352239313547976e-01,7.602867849354340013e-01,9.338730599105792285e-01,8.783058609895136870e-01,3.123612655762373347e-01,9.111724790005185093e-02,9.116824656137969551e-01,7.853364652973339188e-01,2.013996448864091571e-01,5.757746800966341283e-01,4.463472246098830198e-01,2.032474466432158122e-01,7.413880273702414536e-01,2.620712137776909367e-01,-3.806572295995837296e-02
1.048880746536949155e-01,3.588800282891038695e-01,9.283932327563358955e-01,5.928187797894721722e-01,7.562631897129036274e-01,9.412949917812662992e-01,8.171273062909811813e-01,1.596494762446953597e-01,4.332901463193931657e-01,1.801087834432153478e-01,5.770719397544098461e-01,6.037636432553526999e-01,-1.904722918253528782e-02,7.383422385365932816e-02,4.567812932176715246e-02,1.591280442964116137e-01,9.532996568421677752e-01,7.543623434655926108e-01,7.312630930469883328e-01,1.650927782352983875e-01,7.594790672305083978e-01,8.982213520640544013e-01,6.085431807504457780e-01,6.758277425216476786e-01,3.171187202907786440e-01,1.831406054164365083e-01,4.330775232211729886e-01,3.323733418778463400e-01,1.202383154848302160e-01,3.793462549772983472e-01,8.117949173278597719e-02,2.713256378993850193e-01,5.174645415802625603e-01,2.563037592646002505e-01,3.909580296933720112e-01,3.716641195738462078e-01,3.571251293903708879e-01,2.728328702801476324e-01,2.268695447961947831e-01,9.331129052669635549e-01,8.688783228068378550e-01,7.056750654908354736e-01,9.620962194602220574e-01,4.585985994185597381e-01,3.015754512747614302e-01,5.928528911232482379e-01,2.065089956896767054e-01,8.756868771623980141e-01,6.248491840867180791e-01,5.182585793826668397e-01
3.517059451854603891e-01,3.565552029901362108e-01,7.807097013776143068e-01,4.249029963328528336e-01,2.304046139931145709e-01,1.155086644183536126e-01,4.085063849180905482e-01,1.572675158902516303e-03,9.282779484639540335e-02,9.900646381058809675e-01,7.448057436652985031e-01,7.887648156489847073e-01,6.057381121915148547e-01,8.268974154156069067e-01,8.116102434075980199e-01,7.371346662013191775e-01,4.149563104679810377e-01,5.780318270382451828e-01,6.611488980279829342e-01,3.208002899069321567e-01,6.572821678615151653e-01,9.375003537191967107e-02,7.803006524517032139e-01,5.979771740070738417e-01,7.996148056540386406e-01,1.296547366984844851e-01,4.526358926618349043e-01,3.231448748023010298e-01,9.091819994806468186e-01,1.443074758869034580e-01,4.334160100942983651e-01,1.916591927200491097e-01,5.822395903349467661e-01,2.842502149142125401e-01,4.880491301752016842e-01,9.511768800740703911e-02,8.617799092990700016e-01,8.361259028316379016e-01,6.271579810721517045e-01,7.995126520891160382e-01,5.890600352331615275e-01,8.898126460211714939e-01,5.568107123548766690e-01,1.759847908000287953e-01,9.297650225822405856e-01,6.152456265635355415e-01,4.840997001696477620e-01,9.225408717323622110e-01,6.479253776370282880e-01,5.511381391697710574e-01
8.844354751249027258e-01,4.953220435991892434e-01,5.992102629635477351e-01,6.643127845029129785e-01,7.755310347769890367e-01,3.339625564663845081e-01,1.177275750510665825e-01,5.030189723272290303e-01,-1.283033678920730003e-01,8.757155249218694371e-01,9.374830779763090316e-01,-5.094425450780147857e-01,7.055216454793360459e-01,5.393366794228841021e-01,7.591683513782327974e-01,-5.251521921050185115e-01,-4.017179473567919490e-01,-2.480979023340402698e-02,-6.887801247666227589e-01,1.658151184303999215e-01,7.009912348158490181e-01,-8.743413863072195535e-02,-4.969251242592560014e-01,9.492346705258482009e-01,6.392866308535434250e-01,1.899582824425486913e-02,1.827831182240697294e-01,6.499634965776855955e-01,9.182847647376816136e-01,6.655764060169422347e-01,9.730186946860202024e-01,1.847863910449039637e-01,9.417050914165017161e-01,2.218687335912201963e-01,8.804813662158667009e-01,3.468608619911223712e-01,4.519804222630572910e-01,8.385251543772233029e-01,1.002034254084874093e-01,8.135708980583135075e-01,7.286464623081654324e-01,7.625390664006985730e-01,-4.891187184590414100e-02,7.610464876871165796e-01,7.912092460725632659e-01,9.812886161105363048e-01,5.022019971291673546e-01,2.841924769095475756e-01,1.520918870394410150e-01,6.837070729546878001e-01
-1.338398516999067811e-01,8.567500042697542284e-01,4.704130774008271620e-01,3.829730427835708606e-01,4.914246947865031356e-01,5.628325518564913921e-01,4.975654436317728524e-01,6.978210666831482500e-01,8.270421112915370410e-01,4.121665719999219046e-01,7.466714875661610573e-02,2.718254125121006837e-01,9.766899633470923492e-01,8.288188979939427048e-01,-1.179121715757115371e-02,6.493303173710809374e-03,3.947126989551347775e-01,9.060920465384159073e-01,6.935420352630944363e-01,3.369222336600786183e-01,9.580273726309963545e-01,9.272513766101184718e-01,7.019204016399744894e-01,5.145072740288346713e-01,6.808843493789494827e-01,8.536711136759763674e-01,4.937144201280047051e-01,1.304694098793138524e-01,7.171588198358801458e-01,4.948080738401544054e-01,6.888309429787198290e-01,5.104559993121459555e-02,9.315330110418164056e-01,4.054081216163636647e-03,4.771433986115179438e-01,7.599311456479576066e-01,-3.427172836634518327e-01,5.951488857808894251e-01,4.914911371143336760e-01,3.839195774056266552e-01,2.311169392622584307e-01,7.217581706643477757e-01,8.229153284213716057e-01,1.324633811658176841e-01,2.653838649476143452e-01,9.845269554963976821e-01,1.932373062618790438e-01,2.715070341369911211e-01,6.364297981942242943e-01,9.435560935364686319e-01
7.988525202963886462e-01,3.583279127557683075e-01,7.997377071055719044e-01,4.477604394410725774e-01,3.954641390215939967e-01,7.963597697041893131e-01,4.875856629867529324e-01,5.110061337343536625e-01,6.764582934101433243e-02,5.635780531637204493e-01,4.423532556957543993e-01,7.586581481122972592e-01,7.239775813006635308e-02,6.351344480817214810e-01,-4.054530147942551205e-02,8.190764617281467430e-01,8.408586589424639213e-01,5.663945986592768822e-01,7.361866397452049293e-01,6.885864532797508764e-01,1.691485521460835972e-01,3.318461103952955599e-02,9.358149822972602339e-01,8.021572092311034519e-01,7.386039081970511289e-01,9.161786684458290697e-01,4.050028291084790122e-01,8.850691165985081765e-01,6.743833364193927427e-01,6.774595824751168394e-01,4.982849120164576373e-01,3.350174927311294626e-01,5.411760165651159360e-01,6.675828492475275322e-01,5.898995702511157235e-01,7.137703525398958471e-02,2.298500988212167639e-01,5.445437220297827396e-01,1.672636059251692842e-01,7.526062550276853003e-01,2.243085071349008863e-01,9.407352296071308517e-01,8.931825725160302820e-01,3.459981539052418009e-01,6.807574731310013227e-01,1.270268916266393544e-01,6.611765060788141746e-01,8.782476963255261282e-01,2.473114780376616667e-02,2.475245567934912516e-01
4.284170631031290477e-01,4.575968182762373271e-01,2.716875823877279092e-02,4.026796465013698367e-01,1.649193217642252740e-01,2.914376781277517869e-01,6.404812393938856818e-01,2.697512783970130723e-01,2.917799330198567187e-01,7.257454422991651555e-01,7.615152772061485331e-01,3.713731945341218199e-01,4.326640635280224467e-01,8.874603640469845844e-01,6.492032902474786926e-01,2.231316148316320469e-01,4.058986635733529136e-01,3.191290247164435545e-01,3.404388499247314459e-01,3.958312473617673910e-01,9.116160081585382713e-01,1.758709454525562987e-01,2.539516783415293744e-01,6.874335743801713861e-01,3.737887298667559310e-01,7.153046271184818616e-01,5.550554972463477288e-01,9.160670386144468269e-01,3.717337940656414430e-01,3.239217207051852121e-01,1.357721550261963561e-01,5.127481510776508156e-01,3.042040906820765445e-01,7.956223365955933380e-01,6.486663441819363884e-02,2.306824732052037141e-01,3.343413809587504337e-01,4.458306758938565539e-01,8.028834977651676530e-01,5.397068904274829881e-01,5.927389827577879133e-01,6.927910317498912063e-01,8.125601091027312428e-01,7.527842398780824062e-01,5.523556372718924079e-01,-8.130477738187317366e-03,3.222743253214120918e-01,4.642849098955433296e-01,8.737243180363793993e-01,1.382809908517725617e-01
3.195083517271635198e-01,1.160887488827053726e-01,3.337236618793864018e-01,6.560229097696902434e-01,1.274786548732603497e-01,2.097750696781546520e-01,9.946715501606390175e-02,-1.354060366219627110e-01,6.811132547420098993e-01,2.297174070182236849e-01,1.839297552463532992e-01,3.154355129734626173e-01,7.064142715693756402e-01,9.423692490717986425e-01,2.666435559828890245e-01,6.167629581791495702e-02,9.826621483837961746e-01,3.821388673049704310e-01,6.994503752265654288e-03,8.034698729091169778e-01,8.245970131497433186e-01,8.051426923750076847e-01,2.689751434406300046e-01,6.996371637586409342e-01,8.333649740303996634e-01,4.413107721341325007e-01,6.834707631537405570e-01,3.145043635660940695e-01,9.140008866213497063e-01,1.586599765325064360e-01,4.852842377702710763e-01,2.589044447125584680e-01,8.017327211518024965e-01,7.897165331991864989e-02,4.927197051566757358e-01,5.763408112301400266e-01,4.251889564448786407e-01,7.948851525503087823e-01,3.054160308240244648e-01,6.235721977582242559e-01,1.354902242470771567e-01,6.098927233310799112e-01,6.209269532014981552e-01,8.577547652613828682e-04,6.434215727719506672e-01,1.346337161295979579e-01,2.768454995913333105e-01,2.481797190010431586e-01,7.400630747779627372e-01,9.542750589863461252e-01
7.555084866039174507e-01,4.602996896606716959e-01,1.256211553345327747e-01,3.444908832923955222e-01,7.533182065133303684e-01,2.641000403856032935e-02,1.925265830533153533e-01,5.786379441538535007e-01,4.886645897272041961e-02,9.339957252586130743e-01,9.353473134447561899e-01,6.745115621658787086e-01,6.920499544819652682e-01,7.578973783704966438e-01,-2.041360648335655351e-02,6.965579110657315054e-01,3.923450364318878947e-01,8.016619847134541788e-01,6.413010733176756073e-01,2.552926334228990957e-01,5.794798309413056181e-01,9.205673055644125746e-01,5.885987436954860375e-01,6.340123112092772573e-01,4.937488696145883593e-01,1.992443671424144191e-01,7.659751669346715440e-03,2.966286726800009266e-01,-1.566722662448302716e-02,2.858649207121436581e-02,5.932798254237230395e-01,9.864885064539453685e-01,6.589925853327555094e-01,1.735464859148103944e-01,6.568150368896206182e-01,2.105731224895452391e-01,8.825618350865214179e-01,2.458571422743905110e-01,6.413542378923787757e-01,4.784484245173028366e-02,2.189877081581941554e-01,2.226244410754071035e-01,5.623666633333326281e-01,4.714631418400031526e-01,2.835593922420728275e-01,9.694818982058448498e-01,1.549979539358316560e-01,9.081112598685567860e-01,7.468063973858598548e-01,2.387292655841543043e-01
1.317998172552195812e-01,5.215917313532610899e-01,1.327931952653819692e-01,9.312042951506851463e-01,-1.927466382697700098e-01,5.935120044796459160e-01,3.858491441459601101e-01,5.972967614886582899e-01,3.371404333712529899e-01,5.409983548009683618e-01,1.525193021085035350e-01,7.070747624028128619e-01,8.504850953392784074e-02,1.882605438255774422e-01,4.649166275539665660e-01,8.072141291466572444e-01,7.639350566376416907e-02,2.570912753747126023e-01,3.912107270474557419e-01,2.897414884955571979e-01,1.960326685769065158e-01,9.777532228596991226e-01,9.636866702858735145e-01,-5.227979583566804145e-01,8.591025142484320920e-01,5.426782062643836779e-01,1.600913865691849514e-01,4.106326971953958571e-01,5.095359492469496709e-01,6.486106389554588958e-01,4.099370628730971688e-01,6.477664617376607259e-01,7.701806706334410890e-01,8.105227634425945515e-01,3.922230733707345318e-01,2.342577479987399403e-01,1.847273303706549741e-01,2.212019874939802622e-01,3.168230173826919183e-01,6.157255135999346596e-01,2.439280090160142467e-01,4.738551909571606657e-01,3.364699463772168886e-01,6.582336854288495243e-01,5.762217928040261894e-01,7.611346106224453623e-01,7.588617245640608133e-02,4.961134107413729399e-01,5.581074880911107705e-01,9.265704238865514197e-01
7.706680835264727580e-01,9.013888292229595978e-01,-9.669416925915921279e-01,8.935986954681668371e-01,6.934126636332061944e-01,-7.905410281651146231e-01,8.046255210370324429e-01,8.428092923452429330e-02,8.707386097464291375e-01,1.071791584252052842e-01,4.898361818296557146e-01,5.995445606904914460e-01,9.652177916820383619e-01,2.928504903891740799e-02,8.988730237720673477e-01,7.768181044011340797e-01,7.126543730542245214e-01,2.730658156491125865e-01,2.739740425807432045e-01,6.333844687947590701e-01,9.045702839115531413e-01,-1.367917832342460498e-02,7.660281174721785824e-01,5.438646789315704222e-01,7.487861084330615924e-01,6.765607165933889000e-01,7.963087428503129450e-01,1.557357029168748852e-01,5.612781046367200100e-01,6.956345513685704418e-01,3.462659940537298198e-01,4.559247986318999690e-02,-1.561716884371738556e-01,8.400910979160161052e-01,-1.261927612216773853e-01,6.018036208509742746e-01,9.236900372513401347e-01,6.654651282804578960e-01,5.643307542588957837e-01,4.548668758309497018e-01,9.282686431532715110e-01,7.097615154494180123e-02,6.643226425435343474e-01,8.330618459649613561e-01,7.553646164457356038e-01,4.214765835499599267e-01,8.181042236811040258e-01,4.092736047300775115e-01,6.763273163171404923e-01,3.464600248550055994e-01
6.946200843785428347e-01,-3.031369243524082227e-02,7.337425091591198711e-01,2.677162130687835151e-01,3.885865499405256052e-01,8.171142253029107794e-01,9.181909233954371752e-01,9.297231245293746671e-01,2.857540266713519128e-01,3.017378931472389919e-02,6.941269828960696664e-01,5.702801719914083467e-01,7.300265507816432464e-01,9.282752137154984817e-01,6.168914301734286232e-01,9.168046956280673232e-01,-3.804543250844898139e-02,8.104297253857005723e-01,4.137061113811959512e-01,9.253015621849434158e-01,4.227611101038566410e-01,8.502552621624591689e-01,5.261424550082844515e-02,4.080332163335597673e-01,8.293703435462150830e-01,8.667118885781468496e-01,5.701982232614117851e-01,2.591607026665965763e-01,9.728504673102804368e-02,5.216203678020197021e-01,6.747723518244331808e-01,8.773458446036206393e-01,1.293924744947831107e-01,1.318354667880638209e-01,3.132285382010410735e-01,5.360138848264121014e-01,7.513109986588393241e-01,3.633217461118023461e-01,5.894741180262855762e-01,6.422618895208540568e-01,2.559798338021053721e-01,3.135493172446114363e-01,4.281021934687318409e-04,-1.646131426732829750e-01,2.911932325657732856e-01,3.535944870265947393e-01,8.280076292688827166e-01,1.114299011076860108e-01,8.281663744373278790e-01,1.328419913947015418e-01
3.743717519915539804e-01,6.231374197667221004e-01,7.617889597997110629e-01,-1.523073587646369964e-01,9.893290431607183466e-01,5.552224909788874285e-01,1.725517711705918666e-01,4.842872858878702336e-02,9.682664258783438838e-01,2.912180531419740204e-01,4.029678002320863373e-02,-7.281329430438773787e-02,4.010639560010156868e-01,8.995608511636079552e-01,6.476731583856386587e-01,5.175020254474714809e-01,6.061044450383098470e-01,5.915166232720473483e-01,-5.895938573422647710e-01,6.839607128673051983e-01,2.068342585379174259e-01,9.237466882929137313e-01,8.563165356739207423e-01,6.489867282499167667e-01,5.588570846721129248e-01,9.214575452868374317e-01,8.687676635410090942e-01,9.590547379233401726e-01,7.468298895556985117e-01,4.597595947761438651e-01,1.312550651172329774e-01,-1.465297245509597779e-01,9.609558243778046904e-01,9.912948087116053575e-01,3.283828641903960288e-01,5.832681612913183100e-01,5.283593608857566071e-02,8.870521663059078854e-01,9.339623309698007469e-01,8.246857355331307371e-01,2.279312875149374085e-01,8.654907618319976903e-01,8.228322420006984883e-01,-2.103078980928445585e-01,8.490800907544771015e-01,1.795785000395837550e-01,9.015627551801133066e-01,2.789180687606634401e-01,-1.076994605000099470e-01,9.243644835948486849e-01
3.272669277196617599e-01,6.853191710379646917e-02,7.610527583424269160e-01,8.921057366320176429e-01,3.934065522401780091e-01,5.992908875007617597e-01,1.042504671805687816e-02,4.088441834577024037e-01,2.138234634861133909e-01,3.467181093819414750e-01,7.275543380393216797e-01,3.342773321008164489e-01,7.101683344944984544e-01,9.764845641997197401e-01,9.663194720975971652e-01,3.954193113430850004e-01,5.955050970230291174e-01,3.530006575315505768e-01,3.837592102513585424e-04,3.160562246446639301e-01,6.337039151223045064e-01,2.326623314795844277e-01,9.182848469491596832e-01,8.593680100595723070e-01,4.943197326313076290e-01,7.276436487051670676e-01,6.363813649596655742e-01,2.407251492121539882e-01,4.800892009924777604e-01,1.792309591117419443e-01,1.084177192964231456e-01,5.608935160565670097e-01,6.986615395678115459e-02,8.595516672927089319e-01,7.267571680079925045e-01,6.612453277757373016e-01,5.182751350233781862e-01,2.981558537857195157e-01,2.273584586110513339e-01,6.643832239297076114e-01,-7.327974805094104351e-03,5.580983867037572210e-01,6.526715225415953281e-01,8.419313214706475312e-01,9.614452557786575815e-01,-2.788288636617246297e-02,2.830344714468364664e-01,7.221143380150913949e-01,5.473420919331553058e-01,6.443542844903799027e-01
8.412592721501384041e-01,1.946660760633230902e-01,-2.916968171858058678e-02,3.056872357735340162e-01,6.794562665663501644e-01,3.861612342345217552e-01,-6.649425395300831987e-01,6.648983022007032284e-01,1.086618915321582030e-01,4.068934030140193281e-01,4.030096017348187010e-01,5.507615210443998072e-02,1.696208865816007938e-01,8.994203476572107947e-01,9.066761287653075652e-01,8.545081550373376800e-01,2.863589754581028490e-01,7.938890330161997300e-01,7.080188150358819321e-01,5.461480654436332710e-02,3.073768029547992997e-01,6.652661041623593174e-01,9.441329751077863763e-01,2.987776225562915888e-01,-2.210194322029293904e-02,5.091422253058905945e-01,3.058852773491469446e-01,-1.448504914566178803e-02,6.087642984310785710e-02,8.425898810700150898e-01,-2.926169787760313570e-02,2.236833221180211384e-01,6.238776595910815459e-01,1.654643949991242147e-01,3.093688680296306434e-02,7.249399634847655260e-01,5.666976005647647030e-01,8.173031630178477780e-01,8.748045022783784708e-01,4.098253863898571048e-02,6.748537874958956961e-02,9.117456117617296352e-01,1.250536603726775664e-01,5.366437023260394179e-01,6.518220314438217811e-01,7.326075018922233451e-01,1.937651932269000010e-01,3.729077278276448637e-01,6.443980208478959915e-01,9.054289304412563300e-02
3.827823605601374801e-01,6.266847889723119458e-01,4.405147770212474168e-01,8.100047693625891387e-01,1.398682046873167550e-01,2.272391033095137181e-01,9.468722708560270984e-01,6.682356406164889906e-01,5.295718238426321278e-01,7.109605288193642236e-01,7.629073888872953679e-01,2.867834219038032859e-02,4.257061719209497830e-01,3.507370413351549449e-02,9.571837553818078881e-01,3.444560721410422355e-01,3.194414687290123012e-01,4.409929405445445760e-01,2.960864572824223884e-01,4.908500628516677261e-02,3.824137666762522647e-01,7.219644140661370946e-01,3.255123887537670346e-01,6.483614017379556518e-03,5.990516535355535632e-01,7.405678400502234693e-01,8.130022047766213497e-03,5.708860582809558437e-01,8.480909702577560383e-01,8.936655373968920291e-01,7.392029672493704018e-01,6.640017208099892043e-01,1.880312259796904084e-01,4.082998057629905198e-01,2.781215105401232401e-01,4.484013809970404107e-01,3.915878447700456566e-01,4.048440985611516107e-01,6.760911605157635118e-02,1.469192723335650819e-01,1.709707947944765771e-01,8.113649581543551370e-02,8.604440034284820404e-01,9.697049069721294101e-01,3.302321132438362228e-01,9.184843532813121714e-01,2.250793158179717757e-01,2.220376305839953657e-01,7.698897778182575147e-01,4.110925608260751485e-01
5.765554832668535745e-01,4.249318950291890995e-01,7.841224265645924119e-02,5.868109741977433069e-01,2.850439071175124850e-01,7.438895112157839495e-02,9.623445046344862863e-01,6.702051556043449043e-01,3.551793338520237153e-01,3.943124081287268656e-01,8.167245892219202608e-01,5.859742597708851308e-01,4.685544176605767053e-01,2.962654565312755062e-01,4.887453960251700869e-01,1.801261375050310087e-01,6.245635111713518928e-01,9.729956275657997145e-01,3.827245138209326991e-01,8.263081407408567891e-01,9.180941287774807558e-01,7.167184838534811364e-01,6.124739012313447084e-01,5.377444727929884261e-01,5.894308730792000572e-01,-7.697829583131189368e-01,7.631333098645908253e-01,6.941310192600256279e-01,6.133411783608759826e-01,4.339941979851367204e-01,7.446228750307404276e-01,1.381676483243732823e-01,4.491967690732230345e-01,2.313628654918351846e-01,8.111492439386951137e-02,7.923206806254651235e-01,6.440100649904965113e-01,5.002699351488797408e-01,8.974452623167004095e-01,7.589269203099453520e-01,2.736555598380979171e-01,7.402897955603670033e-01,5.271442960799502808e-01,4.729170444455675359e-01,8.555215424040677474e-01,-5.579367148737545135e-01,6.309909057762919105e-01,4.099503553343086110e-02,-7.367350656051551566e-03,3.365292440382234296e-01
2.992378230083732604e-01,6.377530939606836924e-01,1.042286122110004931e-01,2.753245131764228137e-01,8.348000626217717546e-01,1.703051796046827493e-01,4.483671624424651614e-01,9.142148172426024511e-01,7.681588668766536898e-01,1.596179861315434323e-01,2.377793948136423807e-01,5.294111541163375456e-01,8.044326418213558760e-01,9.257089136366800641e-01,-2.954671683449374905e-02,8.352061312146648042e-01,6.793182973680649273e-01,1.486617053791142729e-01,3.677774223255809716e-01,5.441250561212004344e-01,6.990686703922386336e-01,9.415472979112469165e-01,2.509762738301173357e-01,3.881948479140990282e-01,5.192290529155342282e-01,-6.432945609803456533e-01,2.370687762651813024e-01,3.349107984510922287e-01,8.132923510780317722e-01,2.489680835840756834e-01,4.155185435174861830e-01,-1.474005629264829413e-02,5.923855276155750582e-01,8.237924504931189995e-01,4.355472220914518577e-01,4.813605948557124758e-01,4.614264912971868249e-01,1.103780634421807072e-01,1.208541349100506340e-01,3.040773455423861349e-01,6.974884497385884785e-01,6.044145138292865704e-01,3.745956475510378580e-01,5.684992826314139158e-01,7.145904483574454095e-05,-6.478099553254550447e-01,5.415938703298611712e-01,8.057434156429787997e-02,-1.640566687928749212e-01,8.468240425012351080e-01
8.146425644864785376e-01,2.514286240942028017e-01,7.066597926670915852e-02,3.221150092428100020e-01,3.557551745700160417e-01,7.821291324056114380e-01,2.196830463471860506e-01,9.617261777764074537e-01,5.578299262816068804e-01,1.208228801478000991e-01,3.956418501071548022e-01,7.774195254687936707e-01,9.024353650769001423e-01,6.690504389952162123e-01,6.228694122488257490e-01,4.401400335151430809e-01,5.268305641045460952e-01,6.760228767888314394e-01,6.740819120506172935e-01,1.714042395819517783e-01,2.917456447073320247e-02,3.165083892463430582e-01,4.284659295996308681e-01,4.793389395876895831e-01,8.708586195167964394e-01,4.830845557675473301e-01,3.815597865427057256e-01,8.154157140307745077e-01,7.614454016467513651e-03,8.994843203248169550e-01,8.351899602565776570e-01,-4.726110729101182240e-02,9.450611155681489794e-01,1.434499480795552728e-01,8.169248373546605935e-01,3.000504439827290093e-01,1.662019618703501067e-01,7.185925803821915370e-01,1.966965570843640099e-01,6.120968030149831485e-01,1.988804547997567729e-01,9.408175452984998133e-01,9.630883460499998217e-01,9.239278803710895271e-01,7.634177364264288501e-01,5.007291400369247025e-01,5.983141465064369946e-01,8.393550339102066049e-01,3.683606511972563613e-01,6.422346277874955156e-01
7.929099217773321051e-01,-3.321979206862352707e-01,2.718352419960247679e-01,9.853755956031902130e-01,2.554353629755468647e-01,6.998650876937682064e-01,3.771116747123985369e-01,3.718998990140128802e-01,-8.254692857509607698e-03,4.323819788906083650e-01,6.981729897408893715e-01,8.596324749740332782e-01,4.977447009306902315e-01,2.758602263035453417e-01,8.837493348772763602e-01,8.623099691491935559e-01,5.818260490422864084e-01,3.826497872345831219e-02,2.143721476897539890e-01,6.117805974545561520e-01,4.519928952205269357e-01,7.316695438300605536e-01,6.478155896391860624e-01,8.017441365110772322e-01,1.349416725297610253e-01,7.464137476713502695e-01,3.621188359148258540e-01,5.376982421823838232e-01,5.480051519459260279e-01,1.596143160993484522e-01,9.595780811128707954e-01,3.290335774779172828e-01,4.723227149751105247e-01,-3.029928965114503936e-01,6.427231115047782328e-02,7.844577158565554376e-01,6.520840449759465196e-01,4.618712375512722401e-01,1.703675178605401630e-01,4.142309752479994001e-01,6.499968819438172174e-01,3.130315348493877270e-01,3.742368939971216224e-01,6.606309930996100421e-01,1.085481023923305227e-01,4.458112017799270022e-01,2.964658294017105677e-01,9.499720554339168288e-01,8.726543225091076827e-01,2.604075123841964601e-02
5.715805443857330248e-01,6.137450095546105600e-02,7.057021313602511725e-01,8.843925829879634160e-01,6.401018075513154049e-01,5.452137478822555172e-01,3.364125850400820905e-01,1.401215585612538943e-02,7.900304361250586327e-01,5.505098556862160208e-01,2.247947399703413562e-01,2.939020296947076338e-01,3.825226731047292605e-01,6.924156309322194724e-01,2.876793191717668119e-01,9.072873027980267457e-02,2.533626071268121893e-01,6.175940891982055758e-01,1.120203455439067325e-01,4.628392295961583636e-01,6.816202772610454597e-01,3.450315792562624190e-02,3.849272021952959699e-01,2.562732409549173807e-01,9.835558987129496833e-01,3.574774805978587766e-01,6.462022355839907028e-01,7.647980518732678812e-01,3.159959585169382912e-01,3.598883562725078145e-01,3.549374077354318646e-01,2.609992234942519196e-01,1.901447951437229555e-01,4.457922596806375148e-01,7.662535207122629644e-02,5.271748310287059924e-01,7.602911825926615963e-01,2.787660835783067892e-01,4.458557522812041651e-01,1.924926006029155923e-01,4.555762382560756829e-01,5.843929281283519739e-01,9.672579054246396857e-02,1.709602234875395310e-01,7.652085870169096360e-01,3.412346154886650162e-01,5.067938392655682023e-01,1.392664041037031675e-01,3.648816389098398782e-01,6.668410917300171548e-01
7.219574432329230879e-03,6.754313570558331259e-01,3.686633507355933231e-02,6.310024221240417841e-01,-9.733442267031212902e-02,1.593470948919652741e-01,1.721712821507582758e-01,1.016209445774566428e-01,3.185810103839222251e-01,5.986352776135841353e-02,7.298823008034516224e-01,8.003494543033863318e-01,2.769851199716572565e-01,8.625121686517702724e-01,4.178005145783967311e-01,8.614149678496660911e-01,1.242953764740120925e-01,7.585179469805179986e-01,5.144905207092680399e-01,6.481503976434301872e-01,6.851480938392512376e-01,8.476832230450543904e-01,1.985718904652075956e-01,-2.754042255080350055e-01,2.922646409740777274e-01,7.551187312149294506e-01,9.076267994734714684e-01,-1.942120392270319656e-02,1.581956886367620330e-01,7.920918103904960317e-01,5.097170358583363869e-01,9.242463056886276451e-01,6.149666529867970910e-01,3.278780844860328947e-01,5.040615050924897034e-01,2.084284077203028551e-01,3.863282718154202877e-01,6.825377420531965056e-01,9.284669382305050789e-01,2.533610617263271636e-01,6.456613149958697617e-01,3.777941564136576558e-01,8.825388766986954625e-01,1.589295293985855118e-01,8.091888241266654846e-01,9.527281134915834837e-01,7.777660785613487171e-01,8.619191045900075343e-01,8.288983247845325142e-01,6.680097544130811915e-01
1.386134217185220063e-01,6.000698911618442821e-01,2.185438551383686034e-01,9.177122920329476852e-01,2.472998101207985744e-01,9.264528461196107345e-02,4.208578688873783613e-01,7.775352976702943897e-01,6.071832268732780813e-01,6.984611496551500487e-01,4.895644007867053782e-01,-1.175390544720671809e-02,9.328479202720764141e-01,2.007038056267380910e-02,-1.205127850181444103e-02,3.296677312714884622e-01,6.253963138869643723e-01,8.171863180469617349e-01,7.294785073719998181e-01,1.459697669047962942e-01,6.872402701626423305e-01,4.310230342886962052e-01,3.206199317440917157e-02,5.381388555087384118e-01,-1.305057944045960247e-02,3.022553262529476537e-01,7.566294931066153140e-01,4.267556043588808246e-01,5.081470706264814563e-01,3.487336456868583845e-01,2.234531274849085591e-01,3.324347431382364548e-01,7.613017391736962569e-01,6.111422857981908541e-01,2.566410592234568133e-01,8.045682032798990857e-01,4.338118017358627565e-01,5.023596490156326810e-01,8.074476817684961283e-01,6.601526810232883902e-01,8.096572596289111079e-01,4.378809228379688112e-01,3.071029577623006768e-01,3.421094854918607098e-01,5.439406766893390976e-01,7.138776197690904768e-01,7.520134917705042499e-01,6.409489192726464113e-01,3.789251828966781477e-01,5.424944799932249762e-01
6.264422608842946660e-01,8.509225539959722751e-01,4.931523303016302484e-01,-4.896382364539305330e-03,9.069589373346967909e-01,7.979918831319220418e-01,1.303911602097226896e-01,3.592942156359573563e-02,7.339017325829587379e-02,9.427604412806185330e-01,6.247924512141176390e-01,4.947466675301053773e-01,6.875035531443308701e-01,8.124102941088551244e-01,3.547428914675084810e-01,8.238256061939933650e-01,-9.471213044330649422e-03,8.840132600326471302e-01,7.098784009438188214e-01,3.194377910543335086e-01,1.204588017573486186e-01,9.620426492051694645e-01,6.926705753535121746e-01,8.075428264809646484e-01,9.890211389389157448e-01,3.627188152981546398e-01,6.592035207615165593e-01,9.382413515089734757e-01,3.448286363161353618e-01,5.105526446451490452e-01,7.364041634702339634e-01,3.207858673115007164e-01,7.693637152599056561e-01,4.411890452258514506e-01,6.527424158421486489e-01,1.044624911548249499e-03,4.517463003482204975e-01,6.600668963751246121e-01,3.032579889873341372e-01,3.161198715672128845e-01,1.296324077378773476e-01,8.819215859095804744e-01,5.391722929813498322e-01,5.775262441770625532e-01,-1.069627499463646908e-02,6.715785297945646715e-01,9.465223106892746152e-01,7.865728234034332633e-01,4.974198924772571528e-01,7.909749285499174665e-01
3.921462765414208962e-02,4.358081658403923919e-01,1.717871381678935938e-01,8.193386749457476359e-01,5.042179482796516066e-01,1.653145290251167576e-01,2.787896725415314192e-01,9.241877709795952578e-01,9.055818959490808950e-01,4.795938235439688169e-02,8.322432353346051470e-02,5.203102163302564254e-01,8.605442882621416878e-01,8.185838528483736498e-01,6.512620748209952959e-01,7.943335403414030216e-01,8.604491829639213663e-01,7.621106976688818424e-01,8.824311564877176384e-01,7.680937516424328759e-01,5.177134660517643816e-01,4.581910924723942569e-01,1.232331858954166109e-01,6.786512412783322068e-01,9.932573931081305485e-01,3.314676152182220725e-02,6.834243233255572481e-01,4.152796499678907960e-01,4.456577088006509202e-01,-6.158010280258015001e-01,5.041150460430097180e-01,4.258592762141975019e-01,8.198798100081353124e-02,3.717721790178937225e-01,8.723637120469767137e-01,7.902861202616807967e-02,5.770764413434560369e-01,8.602671983893136476e-01,7.944349991232360075e-01,1.794573589749550169e-01,9.715314247261770675e-02,9.402140257539384205e-01,2.711855241884294498e-01,2.807068985128947647e-01,5.899433656061515707e-01,5.460192736816250614e-01,3.978873219635347125e-01,2.486832550057638813e-01,8.737985799811158749e-01,8.678345681765786690e-02
-6.831638052364315261e-02,3.939585264327610248e-01,9.449409653271348963e-01,8.467898023690136888e-01,7.385645448149922299e-01,4.179776625380648980e-01,1.668476872877317635e-03,1.925486636852609401e-01,5.090077370657394296e-01,9.955178485002028621e-01,2.980667695822655228e-01,9.918600251538812751e-01,3.366781665114431665e-01,5.510518232008160266e-01,2.199281816831984149e-02,3.653436981219234658e-01,9.516703809485186349e-01,6.887691372324625805e-01,6.199097552806873690e-01,3.005420463174560131e-01,5.090841588659801298e-01,7.379418334114092870e-01,6.310830096493960095e-01,6.175212990460150486e-01,3.553274975793468959e-01,5.216275023162800784e-01,4.567098989828231592e-01,9.010890040514084598e-01,6.675987940702154955e-01,9.919512400759989967e-01,4.484478353309646059e-01,4.084637333897234157e-02,6.609462186029387842e-01,9.449292501952282208e-01,2.947704115816822124e-01,1.710029170906810780e-01,5.411538657762210609e-03,1.237512324481012671e-01,4.991276526800316193e-01,7.339818050136801553e-01,-6.116343756497844009e-02,1.836620112073985844e-01,6.490317360633561794e-01,4.026601987442274266e-01,4.641421424128917006e-01,-6.827187572991400000e-02,2.653859905978701028e-01,3.852731587263051871e-01,2.365625717448763821e-01,2.269721552556231980e-01
