7.456084725868404872e-01,4.205313730364815816e-01,7.539236411589399500e-01,6.788131516703914681e-01,6.063628275608334839e-01,4.621877726096158545e-01,5.113109062629103141e-01,3.388985754695160724e-01,7.890526614391856208e-01,1.558359543445029249e-01,6.386387894859346659e-01,3.055883190268667282e-01,9.933621353098676110e-01,3.313160693646197141e-01,5.024044550791687547e-01,2.178352021608902234e-01,9.210382524530112969e-01,1.879593690960735045e-02,9.432972761087159430e-01,8.869966049854596246e-01,7.356465046379581652e-02,1.661596549894064356e-01,-6.466970760871808555e-01,7.123337793375864591e-01,7.247424212250115350e-01,9.533922287969761600e-01,2.260090933879015385e-01,6.355537894642095953e-01,9.576431571408817733e-01,-8.894172974868959358e-02,4.449317640191185474e-01,4.511512350089520451e-01,3.844610989552066926e-01,4.080785820643370032e-01,4.965071572960288449e-01,5.381860217703877680e-01,8.603395023732111069e-01,7.209307932832021981e-01,5.589321856102761332e-01,3.942344741727252799e-01,4.747408473031458631e-01,4.567884861673938701e-01,5.728118544136057144e-01,7.751981963755343319e-01,9.394711123787156115e-01,2.692080791538869478e-01,3.344170023272294845e-01,6.112018206834280987e-01,9.596781452159196535e-01,1.414097102018221919e-01
-2.987371709092525099e-02,4.625960184219052307e-01,6.496172463516880491e-01,4.518377969567253238e-01,9.641342228016771543e-01,2.786361033378016994e-01,6.020828980868173641e-01,6.942009669684424678e-01,8.090925415869794080e-01,3.518378261033819898e-01,4.348790613835103874e-02,4.853513429829369730e-01,2.864800253914013828e-01,4.499106026460789054e-01,2.994936890109409777e-01,9.514669009933663935e-01,9.596724845972300078e-02,1.333596743101193582e-01,5.304992295838614202e-01,1.747127020883920967e-01,5.091957856956134121e-01,4.302755857048877752e-01,8.755639499553327099e-01,2.299891010467585983e-01,4.575812213501397885e-01,8.653574450941383667e-01,-6.105651995949717969e-02,5.193002246259731391e-01,7.703782711058368982e-01,2.255991314216810595e-01,3.339338167652813327e-01,8.161064508450704275e-03,9.558614838364440924e-01,5.251863771806941639e-01,5.371954997035850443e-01,2.341770034472010764e-01,1.736741543930151177e-01,-5.017849205617569419e-01,2.223058147260787709e-01,-8.189765623472454112e-03,4.861004538122119106e-02,6.284838794525674510e-01,7.456252972799100043e-01,7.213386959428930156e-01,-8.546882598884170124e-03,8.413072612941936423e-01,9.550476368086446843e-01,-4.806113058735099752e-01,2.309183745016366307e-01,8.383465894900264948e-01
7.515308587380364891e-01,7.430976182748751935e-01,-2.447641573532151685e-02,4.283795312819473344e-01,2.210746321334527975e-01,5.924104076176017752e-01,1.315733212193216373e-01,3.481328528501964059e-01,1.512493501019475384e-01,4.179013806227734884e-01,3.958466103087834864e-01,8.580816787604423901e-01,1.763878004552130729e-01,7.819030719701272059e-01,1.377322068609663219e-01,1.079849822474393262e-01,7.417007226521428187e-01,8.156182751572608192e-01,8.664831761980662517e-01,-9.259807169320462272e-02,6.810573404546387266e-01,5.890061246615805324e-01,6.568700658004906767e-01,8.803111637758556651e-03,-9.569006181996514936e-05,4.236526495921206226e-01,1.096319938575816555e-01,-1.055924633402204466e-01,3.148072497985324181e-02,6.300863223728069007e-02,4.346285854264952953e-01,7.585653364802567022e-01,1.070340629305728264e-01,5.432773961953252240e-01,7.403349879434626413e-01,6.129138473040677271e-01,4.951114282907378428e-01,8.954565643955411103e-01,2.435057059500872478e-01,9.689107069562367947e-02,6.569865018476590546e-01,3.556153579658222763e-01,7.758376573718702707e-01,3.744342107929294339e-01,1.383413326949129440e-01,5.654481968778368728e-01,4.925478651278925035e-01,7.469226459273530239e-01,4.649828116533009648e-01,8.524825386376965186e-01
5.331309146030012158e-01,2.005889131464154707e-01,-1.238915534670779681e-02,8.977934361912217609e-01,4.613330113916507824e-01,8.908533186626402811e-01,4.103165991813758628e-01,8.162948499202251629e-01,-2.228364897221865870e-01,5.157749553372906748e-01,8.989032534656486995e-01,8.439763479511870337e-01,7.071477791197476881e-01,8.226560225450644248e-01,-9.916737751054350777e-03,8.605298259042328812e-01,7.743585433169601906e-01,2.315940516867606991e-01,5.013905692874121023e-01,9.292566100565444187e-02,4.036592508251570233e-01,1.180325339471521157e-02,5.826246881437181502e-01,9.036209395342965633e-01,2.891039833175146900e-01,6.470256840706744006e-01,6.448240330756597194e-01,2.648355115239583446e-01,9.101445024113159477e-01,5.939234378451362373e-01,1.978140846673911990e-01,7.892804205413244123e-01,6.520552719288200683e-01,7.846517506518517759e-01,3.663172806807314941e-01,6.895404308890639156e-01,-9.018046710232292817e-02,6.595001513645446511e-01,-5.866821124632835838e-02,7.478618131493480758e-01,3.918275348878093312e-02,7.086105671001006190e-01,9.440274724891322133e-01,2.116416056438080173e-01,4.399037391537898856e-01,4.802279066546609465e-02,5.082103841080627404e-01,6.423483230088746776e-01,9.224363384363094831e-02,-5.433742123428122461e-01
4.785914320257775301e-01,4.567312531491683758e-02,7.833232420790084971e-01,1.275211721505265794e-01,7.630352192630335262e-01,8.728225809211045405e-01,1.180925282518538733e-01,2.590053353572956962e-01,-9.783046223908927960e-03,3.559404503232915795e-01,9.148748085718170220e-01,9.134874135028987485e-01,1.615042869375046819e-01,5.218531149362112265e-01,3.619754805705137635e-01,8.455850737487610180e-01,8.465121873423272492e-01,3.108845115906105905e-01,5.311603071618470340e-01,9.818110045346720716e-01,3.990009533634126804e-01,3.182992560306186491e-01,7.158791453015558304e-01,5.309780804962018763e-01,6.795892780452617021e-01,5.556361767878318370e-01,1.113947635075409892e-01,9.110441783808381766e-01,2.064905897049598704e-01,9.758685481942754869e-01,6.962017391942932898e-01,7.874687187970773605e-01,4.403698804809283995e-01,3.072515437543061334e-01,6.574793443236767176e-01,4.523311496690168299e-01,4.203367124816430045e-01,8.793183787970004772e-01,4.494853584071958896e-02,7.928602380366993607e-01,3.768293184495580088e-03,4.885774810750555947e-02,6.816137073859932505e-01,3.214791473168575608e-01,2.968450895485658103e-02,4.736034102831289117e-01,8.542132145198984006e-01,8.754891715252224316e-01,7.033153641259262123e-01,7.497273333872926937e-01
4.185162280248866384e-01,2.332700219529507471e-02,8.313176626842510020e-01,8.971907609877973755e-01,7.663251389799750068e-01,5.044049460007957730e-01,7.013333843947703317e-01,6.467401876254191828e-01,4.485774411751404234e-01,1.497457701723088896e-01,-5.279575698433483510e-02,9.011123177294544373e-01,8.278086150926258213e-01,7.947538866524077594e-01,-8.971032170067068379e-03,2.065043305452925193e-01,6.609783321335820361e-01,8.729347427789296843e-01,5.965373917933587400e-01,-1.859787724118840135e-02,6.173658675140882846e-01,2.478764902475131537e-01,8.351579616820477003e-01,6.049837534766895342e-01,4.010547575890705541e-01,2.256201918567605214e-01,-1.189707035670743707e-01,5.478189022584337708e-01,5.500704699136169662e-01,4.316121996214398737e-01,2.353953609410707653e-04,2.255649341708090561e-01,3.283453691584002909e-01,6.342611268047574358e-01,4.354323201542618094e-01,3.404201329729703018e-01,6.909244730611819874e-01,-2.182222955749458793e-01,3.578472102141159739e-01,5.263559128054180469e-01,6.760024205671956166e-01,3.084162914664613231e-01,7.620312839213387868e-01,3.880390369819053942e-01,5.274259470774329550e-01,7.298355055629508759e-02,2.657181076393239638e-01,-3.806293512534387746e-01,3.774563635201025336e-01,5.419181052236982099e-02
8.824133502402231599e-01,9.180432394103485993e-01,1.252739585421205060e-01,7.021577981282334235e-01,2.520655897545118207e-01,8.750832959618851659e-01,5.379371779934031261e-01,-5.699017387483862329e-01,6.146705379197928698e-01,9.604262213038551321e-01,5.851321996999637731e-01,5.424958797019578949e-01,7.988066257294271777e-01,7.333908996877191999e-01,-5.413208782881191450e-01,6.154229485559432195e-02,4.146691240889408547e-01,8.349152659336139815e-01,9.993572614145800059e-02,7.300027146390293264e-01,5.705549847121193369e-03,5.543044892351046693e-01,-4.799695240221918402e-01,8.262437989669966232e-01,7.399892738383636592e-01,-3.685656304944048833e-01,5.906250573049039998e-01,8.623820721074375584e-01,6.646770684112537353e-01,-1.076998530150420630e-01,9.222743562494667424e-01,2.181177478136970271e-01,8.181669150787902745e-02,-7.154817226773634020e-02,1.997106057432081472e-01,2.510141602158791341e-01,9.580456967109018951e-01,7.074001383727351877e-01,1.867697639548310529e-01,3.904794860466023199e-01,-2.092788551385725004e-01,1.444008890404798739e-01,-2.010096202929839704e-02,5.492380741957589851e-01,9.128692125066015794e-01,5.125597101356995644e-01,5.958358021005947247e-01,-5.609903465336960604e-01,2.460765023652569383e-01,4.621348977495077226e-01
5.356604506855619507e-02,8.780951581345889378e-01,3.544203501801695411e-01,2.737797183064504258e-01,2.861446534765385574e-01,6.185213295211985374e-01,8.032977445964575858e-02,2.628395272329975829e-01,2.365540178569046359e-01,4.735231742092280705e-01,3.331682823566981533e-01,2.651716053464608369e-01,9.539498747506688359e-01,9.513214564805229090e-01,2.385161462189764325e-01,9.111938409210350587e-01,3.245642095214134049e-01,2.794424409524720043e-01,5.371444643661551499e-01,7.582777697765484826e-01,6.620284310167599828e-02,2.664137327999931970e-01,7.646630667017398908e-01,3.322533614402298774e-01,2.937839426869511272e-01,3.740433536241948714e-02,8.582949641814845432e-01,1.674372889884624127e-01,2.125304180835695667e-01,4.865939866638155920e-01,6.066582953811071599e-01,6.833546110488215586e-01,9.746970155590982676e-01,1.094583561117601356e-01,3.633314494233020886e-01,4.025517980898189463e-01,7.276747724331257272e-01,2.158840447098258064e-01,2.393088471497374081e-01,7.141813194098461937e-01,3.445595984636148912e-01,4.511031012908101046e-01,9.702805471581805730e-01,4.791746961540271910e-01,2.085905064539136933e-01,6.129555357966133267e-01,5.804943610030762757e-01,5.145780611032990670e-01,8.598272761773538830e-01,9.155545854435289677e-01
1.951337512245119310e-01,-5.058199847253140868e-01,1.611055260049839566e-01,9.527274636836664534e-01,8.765446473864035859e-01,9.729786444343965224e-01,-5.189804292456998702e-01,4.636513277241026687e-01,4.598245659329351920e-01,2.655178601595899468e-01,8.030193720669778212e-01,-4.865588657806971251e-02,4.885109657914851189e-01,7.260034765112379773e-01,2.253745423333985143e-01,8.308667188038258988e-01,1.355159738588883334e-01,4.112777648134740560e-01,6.862145239122147133e-01,8.700401063349538777e-02,6.117395977968501652e-01,5.798746374896431854e-01,8.468014422922096607e-01,8.481581150463118890e-01,1.156237273348866557e-01,6.136470104245724810e-01,4.018362082153055792e-01,9.346161305780570361e-01,6.806224925910566714e-01,1.532573323087313699e-01,1.930601468925647601e-01,-2.485373576349475255e-01,1.562832447831338234e-01,1.620457423016146148e-01,4.731633312569439864e-01,6.942180268130877518e-01,9.331863162182860716e-01,-4.730683884034022069e-01,-2.015033181880286350e-01,8.755527318881226595e-01,2.279933797465730494e-01,2.018120263154074001e-01,9.109848784824148282e-01,2.635014629768134831e-01,5.593159777797146459e-01,2.170188708601735739e-01,-4.896150215148920709e-02,5.791315576940271326e-01,7.004914284386268980e-03,8.291225723238407896e-01
3.059197171890528089e-01,5.844815396911928751e-01,9.230682702236082671e-01,6.299372921604042830e-01,6.388108447075411256e-01,9.186862873333782042e-01,3.014295155302433304e-01,-5.114763009572331244e-03,1.578903192354042528e-01,6.466186425035590490e-01,1.789383489287983903e-03,7.053139333870112049e-01,7.347577019555068256e-01,7.594058810353857547e-01,4.507222746488667720e-02,6.354016333350424039e-01,2.265082545605520692e-01,9.015222925132622134e-01,1.271966490032246655e-01,6.895966307545341456e-01,9.375970958108141573e-02,6.223091916109771971e-01,6.933208507609543991e-01,3.574921799240493026e-01,9.343554485493447137e-01,4.036148854853723322e-01,4.212124971666579842e-01,8.318097401690046633e-01,7.190540696068061788e-01,6.074407959046479455e-01,3.262200627561172572e-01,6.583197850086854874e-01,5.387342133432334590e-01,7.263572529312972703e-01,9.133922720764099390e-01,5.814159067285407101e-01,1.514230802656862107e-01,-4.552467536582954777e-02,3.364604905681669034e-01,5.722462390929207443e-02,9.656824653155454685e-02,-1.959426777394773778e-01,6.104991112826305688e-01,3.341012313810028389e-01,3.838574898367551613e-01,7.657918312049101228e-01,8.078360674707629752e-01,6.274188694403467492e-01,6.254535125890690050e-01,5.118858067376516607e-02
2.212089422050190005e-02,1.251741353736970652e-01,-6.297468429005774471e-02,9.828161110443581761e-01,2.239856652697858330e-01,1.074597787660112602e-01,2.756649035273381898e-01,7.020658647681485842e-01,9.928553397445826212e-01,9.478802154068243224e-01,9.412713681764909301e-01,7.134293077023152740e-01,7.707422902751545069e-01,5.265244152549000134e-01,8.372022564774770359e-01,3.535581320822994700e-01,2.351932727510860077e-01,4.225907639277556860e-01,3.583832505157275028e-01,2.507086273517254438e-01,2.166813539504152120e-01,1.337169365338387872e-01,4.127407959468236132e-01,6.537777739803907195e-01,8.858070044451306080e-01,1.151790299175547566e-01,7.638176742750536485e-01,9.638208573387928579e-01,6.322633113188373954e-01,7.969958931966695248e-01,3.541378274934594561e-01,-3.835878440979541976e-02,3.577734725544860495e-01,6.120462761606625390e-01,2.644818755807932242e-01,6.718915715411069023e-01,1.444020683128646454e-01,6.806628897117176225e-01,2.471221712768887913e-01,3.708298495836662850e-02,3.599854620692846674e-02,5.044250987078403581e-01,1.725066579008811551e-01,2.736698041912346557e-01,5.984421002598496742e-01,8.649694915468444933e-02,6.782890163717977261e-01,2.697732049527212794e-01,5.435408929851004434e-01,7.374271459799267570e-01
5.555953067730395878e-01,5.818105623574999496e-01,4.352029393521055223e-01,3.246853150133883759e-01,6.747077051273728254e-02,6.852442157405533862e-01,4.747246999956019620e-01,6.689184840027211365e-01,7.302507082348198564e-01,4.787774824382360905e-01,8.568932229425359204e-02,8.031018664254587769e-01,3.794690153859074377e-01,5.973232764535068018e-01,6.981741887274888203e-01,7.924082566007516482e-01,8.548837123565339313e-01,4.684438358090274868e-01,8.919466083327350914e-01,1.369942837033607808e-01,9.422044254656228857e-01,2.735879553034992195e-01,9.237853711138124257e-01,6.104925223506471044e-01,5.645412307195836477e-02,1.113330997192830546e-01,6.618082104395390797e-01,4.413488274694103430e-01,3.925423043010674573e-01,5.968240445127572791e-01,6.322889003661209539e-01,8.577148038985942247e-01,3.179455128131423169e-01,5.327356961954472503e-01,3.902055621262746632e-01,7.852883075719162553e-01,4.701613363320233385e-01,4.727024925129896804e-01,9.716847693435864963e-01,5.865087615693053147e-01,6.033142661717997290e-01,2.365757427841453375e-01,1.213436302538444533e-01,1.323738836090743720e-01,3.248387634981507177e-01,4.189192840980024424e-01,8.086193556859611054e-01,1.628768233059722792e-01,8.736639187166357345e-01,6.160391347167807341e-01
2.623796150903677793e-01,8.268018722528194253e-01,-1.038357852759095798e-02,6.172020129227598906e-01,1.847152907989488835e-01,3.134681126163745279e-01,3.126555052385937561e-01,4.183148817459915181e-01,4.235421449918381209e-01,4.171274020043789360e-02,3.973065549606272784e-01,5.135936890374691588e-01,1.593836309660218442e-01,8.204672863753527112e-01,4.910619424060591598e-01,-1.245278572847543647e-01,7.640813178730488930e-01,3.217571311725714311e-01,5.013118341248702370e-01,2.201718389291694722e-01,4.463085742956456325e-01,3.867995881536997471e-01,2.609950967319324411e-01,7.390518378193481341e-01,2.251109438251899797e-01,1.831942603669513975e-02,-6.163503935050724802e-01,3.545288145479418840e-01,3.226156889435987662e-01,1.780767785046654395e-01,7.861318519720544851e-01,8.573294100408116458e-01,3.605926283634593998e-01,8.268648876428666972e-01,2.228288546681878382e-02,3.589115384781458862e-01,7.401938974346090605e-01,6.626966971620037450e-01,6.598023437382701806e-01,9.144664109991127443e-01,1.725271034092368608e-02,6.822707944891773790e-01,1.972238448932499832e-01,7.925693061852262175e-03,3.240875609756904141e-01,2.003183754074820688e-02,7.382777900371851887e-01,5.131228877868385663e-01,6.933611241959334315e-01,5.414725256766949046e-01
8.157526883454092603e-01,8.988805600729726786e-01,8.532336968707977531e-01,1.701786042027846335e-01,7.548806978670502543e-01,5.368114541652092564e-01,6.386992467804779305e-02,2.149561925104849502e-01,7.967074907175588638e-01,9.508101066620237019e-01,3.594726770467205346e-01,6.951944197952167892e-01,2.530927740114508051e-01,6.082667096248909333e-01,-8.390304026632572354e-03,8.478143830039634732e-02,2.621144690149761897e-02,9.031740205372795760e-01,9.899705700686980414e-01,5.729725536486806048e-01,1.365583839332717431e-01,6.448937630088411588e-01,2.060252997322781776e-01,7.847352727197276501e-01,1.367154277523958223e-03,7.653760382772932802e-01,4.537724953748888956e-01,5.857838443273042373e-01,3.994374399501391948e-01,1.287722629662029217e-01,9.571268034141884318e-01,2.170710623113659699e-01,6.991553360801521233e-01,4.638303247663935758e-01,2.825860362002323711e-01,6.060606945014840319e-01,1.311938817915179190e-01,8.132553458094297083e-01,7.382734319079568008e-01,1.205054862587049552e-01,5.046349061151060855e-01,5.859158035356579752e-01,1.128453165966556981e-01,9.194707534277286598e-01,3.916607305030187502e-01,6.265963297633446727e-01,1.921773402411781906e-01,5.354149271086403594e-01,8.374314194008614098e-01,8.292950057217987059e-01
6.207923840513760588e-02,3.567701185329625879e-01,5.543450188144054547e-01,8.526041349538107106e-01,6.487690623019811698e-01,7.814074755465981736e-01,-3.479454861315824377e-01,2.295805278185349130e-01,1.093797424626769405e-01,7.956785729531814511e-01,9.474524345574448780e-01,5.463224267238254717e-01,8.824266314559626734e-01,4.133462940025386945e-01,-2.129801788702123666e-01,1.306917214351090983e-01,5.511889871207497071e-01,6.182305897428796992e-01,7.318474715839170530e-01,-6.294761052228912135e-01,5.041235267514019291e-01,8.166451045304963519e-02,1.790726837379646649e-02,7.099958265485416531e-01,1.151700428700689893e-01,7.133769438224756287e-01,1.887539162674855553e-01,4.822460371567671711e-01,1.671970443230245684e-01,6.787354097538119690e-01,3.231311206544373871e-01,8.009142467378863595e-01,6.096679307936647696e-01,2.617323876008321171e-01,6.988113349951667885e-01,1.282621480847959405e-01,-5.868575325718762281e-01,6.138122773636911500e-02,2.537684096179739779e-01,9.588011213337390704e-01,4.313736477181967510e-01,3.343913213742861767e-01,6.782226635693902050e-01,5.527123761495751353e-01,6.343127353338537944e-01,4.594666143229328426e-01,3.494204464616946226e-01,8.742197800912486494e-02,8.232497172629620330e-01,1.484978661290330820e-02
5.305906624407968897e-01,8.915640808129617900e-01,8.603412259751306301e-01,8.061571051225603357e-01,6.294439651884480291e-01,7.820495342705431341e-01,2.536419630434647576e-01,4.376683048271799437e-01,2.031335119435302358e-02,2.764551767883091093e-01,8.279097362158639450e-01,9.568702148591786694e-01,3.086893089756900105e-02,6.331051716119731054e-01,9.060769811307267663e-01,6.055126610313797675e-02,6.059512943245491945e-01,8.630397392062895134e-01,3.018828583145116151e-01,9.219680780745203030e-01,7.705021605953167319e-01,2.992270134801300330e-01,4.308294960754459058e-01,2.764646381624476512e-01,2.461267717711402847e-01,1.797905249485823309e-01,3.388920470894291048e-01,6.020909811554212565e-01,5.338578704406927722e-01,5.300994424133995686e-01,8.964910973189073318e-02,8.397587178504852812e-01,7.997719153652832480e-01,2.845833572240586418e-01,4.801931519283572647e-01,8.745391161129226765e-01,4.183673736249673980e-02,6.474493178651694048e-02,1.724302294476777464e-01,3.497336205792135888e-01,5.724431675674653830e-01,8.450204683169210140e-02,5.470892526600443784e-01,7.004251839141270031e-01,1.827604788337357788e-01,5.390775306755247742e-01,7.312561508393849996e-01,4.311612774279515170e-01,6.356749242273214140e-01,5.620052540481847991e-01
1.886710905073644418e-01,5.961082918709604828e-01,4.279070238589338104e-01,9.224395486919269027e-01,-4.277625039751416919e-02,-2.453171128540904966e-01,3.238943773944982230e-01,6.603877912929402294e-01,2.941013391940865418e-01,3.056166928075299549e-01,-5.998704943637721554e-01,2.155076681252307280e-01,3.228737986607668753e-01,7.023797559350415387e-01,3.766785572802555659e-01,-5.477352748520686321e-01,6.084912583986239465e-01,3.603272250675824129e-01,6.380900761788649289e-01,7.451768360819271964e-01,5.177970965508242873e-01,3.863057079976273678e-01,6.673242196220785516e-01,3.207320545362936093e-01,2.415277737871508179e-01,6.684187541461946713e-01,2.295266173309831181e-01,8.208113398923183590e-01,3.469997002411606135e-01,-1.737668842266770208e-01,1.046202310048872930e-02,-1.799322461429321285e-01,8.373473645283567579e-02,7.920762494077455695e-01,8.197392284065356804e-01,2.845731495897189101e-01,1.762171828070130952e-01,4.312286860746845085e-01,4.749436685103122086e-02,7.153848770026710602e-01,2.653741954928320879e-01,9.817221799612377287e-02,3.567726943779584436e-01,7.380495944711786827e-01,6.399300861765556681e-01,8.794504195632261156e-01,9.892415410106220053e-02,7.354158371750951773e-01,2.444602182089399556e-01,-2.101911738618549019e-01
9.555378882138664265e-01,6.564180458583480648e-01,7.978142972910184927e-01,7.033188026248260449e-01,2.016075471671604502e-01,7.243273763209185923e-01,1.486660685238185842e-01,4.835673414363912959e-01,4.801810751813840317e-01,6.195895635411728941e-01,1.434967876249981615e-02,8.833681408744733510e-01,5.001645554922707904e-01,4.832915858535292708e-01,7.670160804139689592e-01,7.324903016751447282e-01,2.983861694247115226e-01,8.171852573870852510e-01,4.624028501152942922e-02,5.380115948897719047e-01,8.938718594529083683e-01,3.719679887953326602e-01,4.369643334360419351e-02,5.057685389453870917e-01,9.999895658964061407e-02,2.491425791389537958e-01,-7.317812733096145349e-03,9.718618574368528273e-01,6.271087485143093110e-01,-2.417372500219300627e-02,4.705909785764302855e-01,5.498829220038559118e-01,9.504661359068501403e-01,1.145950120565591146e-01,9.701693310018220939e-02,6.569077273986336785e-01,1.966075977014286880e-01,9.622617341914214695e-01,4.309999571899085224e-01,3.457627810088039766e-01,6.851661157005578540e-01,9.264555159783550708e-01,6.047006623539178394e-01,6.173494644030778078e-01,2.239983217829479845e-01,9.438869230017444822e-01,8.369683580302479387e-01,7.352357305584146241e-01,6.830663299102375519e-02,8.428531721001463195e-01
7.618555546247809396e-01,9.290461328562742427e-01,1.705321155437267977e-01,3.907958663190764792e-01,4.761514141176039216e-01,8.555464745011179817e-01,5.392391692905103007e-01,3.893128313071477775e-01,8.884779149057605574e-01,7.961517929925535642e-01,5.572830904299423960e-01,5.677285120969809418e-01,3.163705710227461276e-01,8.930471926981503605e-01,3.691475071492426874e-02,6.492788695303449709e-01,2.524515048013536433e-01,2.673004245598933903e-01,7.377198718153629153e-01,2.730695947128284479e-02,9.495387790438062359e-01,4.819026487706986606e-01,2.279326939832396759e-01,7.126550791419149489e-01,8.473300226994251449e-01,9.058877937114565571e-01,7.020109749520473397e-01,4.465995503292122248e-01,6.345484326843867651e-01,2.253426312299049161e-01,7.633514288337824860e-01,8.936397707470185026e-01,9.709859261569770972e-01,9.824682606164107934e-01,5.916186299873649190e-01,2.490884791052365085e-02,9.250645206385547936e-02,3.151285503591491621e-01,4.098815358340875958e-01,9.320035200869954961e-01,2.620788702040650620e-01,-1.985426165143136801e-01,3.788975010797243081e-01,9.950348158830486511e-01,3.640445390134529058e-01,7.740769605420619870e-01,5.198221455154777848e-02,-2.636878727063972638e-01,3.065565991138566315e-01,8.265045495611262893e-01
7.673166081151236995e-01,2.819708688818298170e-01,-1.992298654874596897e-02,5.877144551101418646e-01,9.219630808631029684e-01,3.675393740233005579e-01,3.357663843060818554e-01,7.932076863799603084e-01,3.812805865438839148e-01,-2.068186931434825085e-02,2.384998470738393384e-01,2.263336725887130085e-01,4.340427441620789417e-01,2.972047954748676668e-01,-4.372424466777090476e-04,2.761367570439405283e-01,3.608801900876180968e-02,3.219407471486496752e-01,5.854960090432932418e-01,5.988130190857542390e-01,7.417372176717705601e-02,8.662875480718851273e-01,1.322851024179356461e-01,8.011725131308694570e-01,3.561515923852105470e-01,8.110701460546823061e-01,9.602302092616754603e-01,8.057861861719838314e-01,2.004446525203844032e-01,8.742382384818566665e-01,1.321327939757724057e-01,8.785636711329446458e-01,5.217184007451199784e-02,2.222945881901046694e-01,7.544985044858897316e-01,6.286396841620410791e-01,6.275900056529282178e-01,8.499926009919733794e-01,5.797964472055735508e-01,2.728874173357221933e-01,1.128427036194557670e-01,5.969971969419971686e-02,4.348745130830633521e-01,8.506733977208065234e-01,6.585589043939991116e-01,4.590347032429751284e-01,1.628763685728531196e-01,7.506431524408626599e-01,3.214533743363643947e-01,8.312197332624673418e-01
7.188954521119268748e-02,3.046158549703961160e-01,1.650958985454431260e-01,2.285617263191184745e-01,9.131449592142213412e-01,6.765348580227826814e-01,4.093965205584684797e-01,1.668131596204735318e-03,9.859959661012331900e-01,8.937492092708668734e-01,3.642728967197319534e-01,1.140005127635645571e-01,2.583732184184922009e-01,3.966342790621621983e-01,9.001637943478335568e-01,3.535902761404398076e-01,4.576531952140193704e-01,7.628144351904764253e-01,3.406028153402232972e-01,5.230832138153450606e-01,8.322822115786384645e-01,3.262788437827713467e-02,2.899885281025036954e-01,1.571336889471433018e-01,8.257339581323464017e-01,9.023792819164120349e-01,4.276708844204083482e-01,9.645607375395112149e-01,8.531055739841606478e-01,4.382487328345295585e-02,3.797142851273901387e-01,7.215878058590095012e-01,8.311247932836209884e-01,4.408642655479672046e-01,4.559139875247374962e-01,7.779564056884982204e-01,4.852673289973440940e-01,3.217135962375802100e-02,3.113326640739336737e-01,7.598907075718361881e-01,2.968195905003981894e-01,-1.216925914691103887e-02,2.064010165390891827e-01,8.882687337305143760e-02,1.151020026580927211e-02,1.879580164637654760e-01,3.787557993909589915e-01,4.975326176951618690e-02,5.427400190984921907e-02,3.451495770891679915e-01
9.998562253136385886e-03,1.596286013305801832e-01,8.475040956977668294e-02,9.735474038728822999e-01,5.796875950911529740e-01,1.550898912011085540e-01,3.888578639615005161e-01,3.443520247716317373e-01,8.993264367977441553e-01,3.932915414877163340e-01,3.420469073814603744e-01,2.156662185617941874e-01,2.940485310022071808e-01,7.542412490102639033e-01,2.180270708624434117e-01,2.213980937030379514e-01,1.326452470633819603e-01,6.854959805159679398e-01,3.419967113298783001e-01,7.386504360704498071e-04,5.892718428219314575e-01,8.211008483404450553e-01,1.140480715475219869e-01,-3.584380172888407441e-03,9.154507995477578763e-01,4.508585755707550935e-01,7.896118331070821617e-01,4.931525821554570421e-01,2.532036287538569908e-01,4.155754737490595097e-01,5.031415177623326240e-01,2.861959076063237406e-01,6.107520963666277503e-01,8.083445572120961931e-01,3.290020449945056380e-01,4.027071227594644642e-01,4.763086727625402972e-01,2.790361541452330285e-01,7.821522641301892342e-01,1.333193505103601184e-01,2.010949940721838969e-01,7.667049427369123649e-01,9.401050437967820583e-01,8.134346113925835509e-01,8.880840524816570047e-01,7.166571436392351613e-01,2.683256544417513267e-01,7.801182161608818388e-01,8.454342065690385599e-01,7.963416331470435372e-01
4.162520517019716038e-01,5.892365243130132102e-01,4.780740536894656501e-01,7.788694716414196195e-01,3.206145819767619032e-01,4.047778943216671088e-01,4.309905745767562135e-01,1.478856318664527880e-01,4.146645375230049724e-01,8.063974670001186063e-01,-1.281263687929458106e-01,1.149693354071700535e-01,7.178463882145496022e-01,8.112185378050990048e-01,3.651471085669953376e-01,5.404073702170648918e-02,2.407256710746381589e-01,6.324911646843682789e-01,1.628970730797810740e-01,7.252282233667527445e-01,3.534701308109776674e-01,5.500170563356802100e-01,4.233178448267567728e-01,6.196092210834015512e-01,8.786194928117626590e-01,2.153405800656321978e-01,2.273686584182855186e-01,3.146504658625464135e-01,4.245364987664567713e-01,5.476711050794992319e-01,7.268203698253226097e-01,4.204215456041535126e-01,7.555489033199060955e-01,4.248453431580350159e-01,4.556861757403103397e-01,9.967053205200826493e-02,5.082047804596476204e-02,3.756594533722230067e-01,8.900141661277929939e-02,5.787519375405069111e-01,3.684490883056257271e-01,3.688153735561702784e-01,1.548300548339451854e-01,3.720405111232306106e-01,7.210888784429502207e-01,5.891785557022906072e-01,5.034488918166174498e-01,7.892979545643287187e-01,7.947172546249335889e-01,5.851440434965480275e-01
4.574799423798848741e-01,3.587361072361894276e-01,4.805005656420806015e-01,8.346663486557861500e-01,-1.314631365946524431e-02,-7.165783990855800756e-02,4.247125698585204057e-01,4.168096240455346213e-01,2.759885678592124969e-01,4.350646124991923713e-01,1.727884972482258419e-01,3.055178397612809404e-01,1.006200036004653159e-01,6.819062362685899270e-01,5.199907813982581617e-01,-1.328008003802921277e-01,5.868901910763187901e-01,8.007454343200198776e-01,8.730544601535139559e-01,8.805051535452892431e-01,5.138956375929506493e-01,6.576700311674461841e-02,7.623703002659114603e-01,5.405444912342641794e-01,4.053176509289104223e-01,4.403527461286300682e-01,2.869189466499019181e-01,4.264321938411094193e-01,4.669482129767552614e-01,-6.319459466051997876e-02,-2.278065670964692924e-01,7.665538288964351965e-01,5.552147651252140603e-01,2.513454378266377631e-01,7.485957674034197096e-01,9.028502218252139333e-02,8.547872715164650526e-01,8.822694033997413587e-01,6.725703949862439357e-01,5.783937730742438887e-01,7.520255222297925757e-01,2.695333737297170296e-01,1.461873286333804089e-01,7.981585923966163509e-01,-4.342379809832817017e-01,-4.378267074915772467e-02,3.017083368023923406e-01,5.674008646472662454e-01,4.474597597510427405e-01,1.549562354911987183e-01
8.709147310186821089e-01,3.526351186307870589e-01,2.677230410019704188e-01,2.285858849111203905e-01,7.037181372139295066e-02,5.701793937934683809e-01,3.451772814287042412e-01,9.340526382855960374e-01,1.651557235273413624e-02,6.726933713616116695e-01,9.130186364934081977e-01,9.431452255225668546e-01,4.480581556027802281e-01,4.727812754446417687e-01,6.661672762499524225e-01,1.988324791800364089e-01,4.801473956757099648e-01,8.475710767709716542e-01,8.438317866699504011e-01,2.825870329305054662e-01,4.427032842530647522e-02,8.523814845944255314e-01,3.382570528176281344e-01,8.097006793156054094e-01,7.606720354178501120e-01,9.501655103999006036e-01,9.847742589021634130e-01,7.984020939206964984e-01,5.614203307719298763e-01,1.103709915986180734e-01,9.141680728402550304e-01,8.726911514321784580e-01,7.119984706465342095e-01,1.311191651170445782e-01,1.230813403842024173e-01,3.530687014353202646e-01,7.221631649891649962e-01,5.510707525193131451e-01,1.603904074019663843e-03,6.762803256435219179e-01,5.548337504830983535e-01,5.402041636992368501e-01,3.064789059909731606e-01,9.342442327023040560e-01,5.615991318972070045e-01,2.342985842539867247e-01,4.574172747561358054e-01,6.438384041461200358e-01,8.351832044908150676e-01,9.795075001802265868e-01
3.534693094665884439e-01,9.354785969762647868e-01,-9.802592727056887167e-02,6.928302627708010641e-01,-6.825015825008827475e-02,8.920138333981673107e-01,2.997833037936640244e-01,7.435484488555842153e-02,1.424407029851226247e-01,8.158055748695853815e-01,5.469717920787154908e-01,4.895983425145045143e-01,5.980248905382092861e-01,5.027688666239593651e-01,9.584228414390435491e-01,6.400642838130917722e-01,3.747414004178875047e-01,2.431516864785077947e-01,4.472114603604722682e-01,1.113971595501992706e-01,-4.613207068051082271e-01,1.943655148507416053e-01,1.528231319680625200e-01,1.213532788206680146e-01,6.888515902059344498e-01,8.659366463904588640e-01,6.978032814136927442e-01,5.864500170412321189e-01,1.825105515829851255e-01,2.195441513439724546e-01,2.832395869934320118e-02,5.563049422414549916e-01,2.441088732044092713e-01,4.821098280797547764e-01,2.893785571278970625e-01,4.064335392063940233e-01,7.412597180169462341e-01,4.438201879028961794e-01,5.112839633204869783e-01,9.480629752922755671e-01,3.867368697364694796e-01,-6.514885635786052953e-01,4.817206350855089969e-01,7.581770110920030836e-01,8.373800805027425964e-01,5.998785576791905161e-01,8.882703809684899809e-01,4.630217690835000677e-01,-2.345765037352007601e-02,7.146523071672741256e-01
5.886249857821732601e-01,-7.388018547515319556e-02,5.456008784932577793e-01,8.255986998309797209e-02,-9.367375490541622607e-02,9.156892300044897071e-02,1.222434955122185946e-01,5.831682876166107699e-01,-4.280394314777699050e-01,1.322607923114250961e-01,4.187350661902018989e-01,-4.165131437188272501e-01,9.471427699815072876e-02,1.712540500699354928e-01,8.602040387906925156e-01,1.512933979543650553e-01,-6.113866761211550482e-02,5.190795680891848729e-01,2.857500025957310230e-01,2.873826908328534491e-01,3.124505801760465440e-01,9.317256011672443439e-01,5.381796208006839333e-01,7.379858592342743995e-01,-3.451238258565346717e-01,7.759147639228791693e-01,3.834400169357584653e-01,5.391327945275195543e-02,9.282286715891123752e-01,2.124287364155889521e-02,9.677429622186302371e-02,5.418023048563278543e-01,7.331954958360088759e-02,2.709534816916451573e-03,5.948137593388861388e-01,1.220384203243465165e-01,2.525710244688411099e-01,1.166007531902477773e-01,6.775153350732507906e-01,3.426836760020281480e-01,4.898882029969929830e-01,-3.667409336060747926e-02,-3.792937711311668014e-01,4.230575432552343695e-01,1.526983618123199382e-01,9.375659004690573006e-01,3.557367357859515106e-02,6.356350492973735777e-01,-7.669210764135549196e-02,9.846310649698477580e-01
4.997361938504611412e-01,3.825790074576425059e-01,2.413879168821332077e-01,1.574975017417769574e-01,4.397072535443257157e-01,1.024000614401590348e-01,9.003814480592957636e-01,1.050334130322775478e-01,9.366278262759138995e-01,2.281595452744262786e-01,3.297242055708868302e-01,8.700420241156014978e-01,7.700723583044506437e-01,6.684985180672370353e-01,-9.454537421496481131e-02,3.536180520653410819e-01,3.192696112622049331e-01,2.477101051382544772e-01,1.601855814830200619e-01,3.291581470941857268e-01,1.529570879888677848e-01,4.010278567086482115e-01,3.694267266215454648e-01,7.901487932168612671e-01,1.087747413265591767e-01,6.832672897787692712e-01,-5.696901823232087825e-01,7.564346275596349756e-01,-1.807733988739018138e-01,4.326970875945877482e-01,8.663583296800129174e-01,-4.567337493810858830e-03,4.257569810170485081e-01,1.491710879776198539e-01,5.743591292326591935e-01,6.539164839715182476e-01,3.019765553487454568e-01,5.664694894896924460e-01,6.111671067022180770e-01,3.614222623851177651e-01,9.346384139600424357e-01,5.917081495164340232e-01,9.080648442818320953e-01,2.729456930021304517e-01,3.417893873377935154e-01,4.177225506008980238e-01,4.741706008401618266e-01,6.784988986795341681e-01,6.226746628455126498e-01,9.157643208112842270e-01
2.356987391277141908e-01,6.451942079051402601e-01,7.720468288536054269e-01,1.472768357728951039e-01,5.763392670332811302e-02,2.380171647216238473e-01,2.485378778286619350e-01,9.439308479281099951e-01,5.932524802072400849e-01,1.943245538526174876e-01,6.828524728555322998e-01,3.460828616730725615e-01,4.403886431707841886e-01,2.278913978130684692e-01,6.154951286291845403e-01,3.906133618715342259e-01,3.223404233845529321e-01,9.602541598956629842e-01,7.594034790725404105e-02,5.474266263135642019e-01,5.816581256301956993e-01,1.205537701510347032e-01,3.567730349285628821e-01,9.485189197194983102e-01,5.344329318000950318e-02,9.917942830178144709e-01,1.755409327249893292e-01,3.199325483612170395e-01,2.349246143804367692e-01,4.881715844255451464e-01,8.257969917479627275e-01,9.075713908369769101e-01,8.020124752094254239e-01,1.304204911461446792e-01,8.009630840668708895e-01,8.976057110044540766e-01,4.655474448492797346e-01,8.422013314638283621e-01,9.195615770400545896e-01,4.611232504878801652e-01,3.723801131484407723e-01,4.273586112520820768e-01,8.765329635036166467e-01,2.088902262631879281e-01,4.935377419808646415e-01,2.862766054922520897e-01,4.972675296791595478e-01,5.246006087754147007e-01,1.303963460031431765e-01,8.389405248256573966e-01
4.771671676005381224e-01,2.894007840546126697e-01,3.607231749276931798e-01,5.268511673068609208e-02,6.993281472376029484e-01,7.747127247284226748e-01,4.228589420098541884e-01,4.745724381897536287e-02,9.907911797357296102e-01,7.096785712852886618e-01,-5.935695276083791626e-03,1.384020434007265099e-01,2.551870009172968468e-01,7.349690571464961852e-01,3.794491691494641383e-01,1.901532441492492509e-01,3.221241059217251346e-01,6.477080904430529973e-01,3.406828502394516067e-01,4.482760232417526969e-01,5.852569420937768496e-02,6.172994536970678459e-01,6.887305729640639251e-01,9.831253084383344554e-01,4.003776653837809105e-03,1.037735064752381975e-01,3.026515977128321072e-02,6.654346904006953611e-01,2.981001897999608907e-01,7.406578052997989658e-01,3.473744658032993926e-01,5.306838246689594696e-01,-2.330222777741991144e-02,2.823710349753107418e-01,5.144766638769372458e-01,3.744283671782200895e-01,3.249582669420337244e-01,9.033885791596505399e-01,7.368274513045375285e-01,9.122595686634921153e-01,2.831067594243827923e-01,1.779493714251224601e-01,7.264931599972579424e-01,9.620668612438486589e-01,4.549358804168387449e-01,7.584031462842807381e-01,6.203194226955085488e-01,3.704764629047399560e-01,4.298537515229312045e-01,5.242177893401683830e-01
8.522566214242347504e-01,1.537478972526050980e-01,8.752455727219677906e-01,4.183308256505560707e-01,9.900529520853600385e-01,9.557861700542241712e-01,4.817011919883659038e-02,7.398376812900719912e-01,8.536235043188281635e-01,3.757675615158180826e-01,1.660770688147053661e-03,1.948147373573666519e-01,-2.537769916400079429e-01,4.435502078379621183e-01,8.648539938779558067e-01,1.295122833091714720e-01,8.160314857491581808e-01,5.008128579502255651e-01,7.398157007732293344e-01,7.104412698559586792e-01,-1.396757048275470287e-02,7.380137178015727661e-01,9.925024798303762052e-01,1.627634252003299364e-01,5.947269968888378999e-01,1.673335438183076729e-01,6.717919799459038943e-01,-1.644858341359435039e-01,9.203618391992203218e-01,5.438706094003117192e-02,-1.592770789292709821e-01,1.401561466319644622e-01,7.155169894556411281e-01,6.140941021402535061e-01,7.420584587799218257e-01,-1.928348184988860070e-01,9.012561000183837157e-02,8.589556985963981983e-01,5.691053075424762353e-01,4.418976061961306101e-01,3.640237975939544235e-01,6.732648385925080747e-01,1.959964473718057432e-01,-8.593258176377346902e-02,6.969854747603550227e-02,3.551065643557598239e-01,9.545918596135092304e-01,5.186805234059309599e-01,8.471181758217355418e-01,2.902621692599731129e-01
8.648010723953415413e-01,8.438458343445998100e-01,6.715386932725938562e-01,2.113771211389309235e-01,3.931537963146099490e-01,7.927952894511429704e-01,8.522278003654186751e-01,7.045986594819050319e-01,7.488811606934451248e-01,7.668517227224121990e-01,8.236189150916161106e-01,7.809288405809258204e-01,1.939882232131351358e-01,3.315019278464136354e-01,6.555591402787824817e-01,4.455993083246532760e-01,4.478201993311358708e-01,7.070798089426207911e-01,9.903778795801915225e-01,3.255085452520763423e-01,8.054666455957122384e-01,5.836418966357745930e-01,8.608647721416478049e-01,5.655088164494525005e-01,1.025199399490958896e-01,4.057848549514098124e-01,6.915193214205263006e-01,6.829927323878691725e-01,1.442843624904065480e-01,4.069953126580146407e-01,6.096161717036086003e-01,6.907448451067720319e-01,8.069316488904533236e-01,9.464816984282837797e-01,6.248426204945558560e-01,2.402041615400445085e-01,5.393439329655441705e-01,7.305811871568336224e-01,5.800923304690376314e-01,6.781191491617627465e-01,3.898046122913251255e-01,5.996711181704476035e-01,8.394010727493961266e-01,8.326935528799057629e-01,2.593566958672918199e-01,6.441265678393772731e-01,8.743883865140140710e-01,4.994698211554050582e-01,8.345272373360678175e-01,3.899958573255302152e-01
8.757594928884420149e-01,3.994153158689928151e-01,7.326974859479365998e-01,7.753197750139074751e-01,1.725534921910782671e-01,2.914833529336464668e-01,7.508126621168420556e-01,6.582808248454810052e-01,3.183144480715363600e-01,4.137702606655552784e-01,4.596326512813487808e-01,1.228280445113772990e-01,3.942292708682231805e-01,3.234077471145783284e-02,-2.263138192539762839e-01,2.914050171468430261e-01,8.124704457948932479e-01,4.634590111899183351e-01,7.238228411169153054e-01,5.602702561093823030e-01,8.277316608918698915e-01,2.341717136455751247e-01,1.032230670068771256e-01,2.311167197552231878e-01,2.651968320976240134e-01,7.003640455291237910e-02,2.701065972378551283e-01,5.726451706493820293e-01,1.289541645400330561e-01,3.146800542878798179e-01,-8.432098685094820134e-02,8.911844358426229684e-01,7.928893843739540648e-01,6.799975473299726958e-02,-8.606364957502957158e-02,8.296863503649990479e-01,6.054951202707570257e-01,1.315349592176553173e-01,7.124111676399200732e-01,6.616467614711869505e-01,1.356007916102924538e-01,1.628015893276873183e-01,8.759774745956594444e-01,5.143339205197483555e-01,3.680857856098642134e-01,5.497113750811826183e-01,3.095986168492224633e-01,7.332061683429701437e-01,6.534089087370842375e-01,-6.798351419318714173e-02
-3.160179104357990765e-01,3.356581705387705061e-01,9.414645316676792941e-01,9.774519065173320476e-01,6.314151026944186951e-01,6.817368415520471681e-01,4.764531418836651100e-02,-3.097593878967844563e-02,7.261773556147863573e-01,2.424686167378126700e-01,1.611696248822476751e-01,1.862983906892990982e-01,5.022701109551037935e-02,5.384230609621107888e-01,8.505171625756552389e-01,8.009284660936405453e-01,5.645715960116782783e-01,6.664436828760069709e-01,9.718782799813276974e-01,1.584627373351864821e-01,2.309287093156411341e-01,6.150830991520883639e-01,2.045447812999655612e-01,9.539574357433551199e-01,6.930026933510918807e-01,5.418503930902774934e-01,8.590254160884064349e-01,6.404214644380920030e-01,9.642886103096504069e-01,7.539538614594066823e-01,-3.111415955139782558e-03,5.163936424555412019e-01,9.250035506569851407e-01,2.094123097727051130e-01,1.857815583961647810e-01,1.048378465839113205e-01,8.891584475129369336e-01,4.068823584575185781e-01,4.180426943385549543e-01,4.831187512924126071e-01,4.424542637536993950e-01,2.013258434863515189e-01,8.735443977867528575e-01,4.005767269374212181e-02,9.958810453537308982e-01,-9.966542467901745236e-03,9.704248852347775456e-01,4.982338963799873288e-01,7.484946527681874962e-01,9.422468146663891542e-01
9.005962489332900445e-01,4.966220566192401931e-01,-1.293759405812781524e-02,8.713130612768311689e-01,4.094026423629142375e-01,1.807943811070069073e-01,1.519465535666720546e-01,5.573812236875482773e-01,7.353605350167478072e-01,4.233940960902315975e-01,7.672109790996928247e-01,8.469913831736154419e-01,5.197328516115544694e-01,9.039695501689707369e-01,1.656717223230764202e-01,7.165474630071136941e-01,3.682406043249202288e-01,9.545641591348658084e-02,8.052042201322251458e-01,6.985211518407321574e-01,4.086266593855077123e-02,5.672354630091126504e-01,4.412027291400689305e-02,3.815415473028232474e-01,1.991698286296912090e-01,2.007205970587092325e-01,-1.066642287217795387e-01,6.380395939264652538e-01,9.502109481592776463e-01,2.324383667371160700e-01,6.272373787832606906e-01,2.135738204142021701e-01,2.227314895023322638e-01,3.705781365174720676e-01,1.662426023650297457e-01,2.818062497376390696e-01,4.788662784469083222e-01,3.933496084036789409e-01,4.894561021006920698e-01,1.018820742003930142e-02,4.306959550106098655e-02,8.848782177513462299e-01,2.919521236186422009e-01,2.308809933789353064e-01,-1.832733383947169822e-02,6.218087643271372755e-01,6.530034065411226551e-01,2.156400366390789913e-01,7.310991553045639302e-01,4.382586556389108656e-01
6.642823790004098727e-01,5.311086641386739138e-02,8.766884313873472001e-01,6.582827562765823926e-01,4.517859164218082091e-01,4.386920916415156246e-01,5.001697075624252919e-01,5.637697220996941150e-01,1.706893111898211135e-01,4.804177768480962230e-01,-1.291642300805265382e-02,4.760134942708372230e-01,8.156150418365494259e-01,9.289791352342273711e-01,8.346337430417852810e-01,4.341530300444239043e-01,2.931921803888415390e-01,4.201977050081863729e-01,2.753249298348087737e-01,5.775736663715782537e-01,6.296781105213973551e-02,7.238784631312480400e-01,5.058785445124279745e-01,9.018499832687125739e-01,9.266156748503581175e-01,9.086492880960219676e-01,3.563151653320868056e-02,5.363154525051178761e-02,6.768685070848468044e-01,8.085578109071291930e-01,5.975640119440331910e-01,7.795048592942650512e-01,5.124532478930285961e-01,3.142878838215775184e-01,5.475429187636892125e-01,1.395247298213736220e-01,2.268128099338325432e-01,4.943422725712521282e-01,4.212045484771223536e-01,7.817378534540594393e-01,7.684962958641979036e-02,6.518938056229451883e-01,7.417326802303617628e-01,6.254208740259548094e-01,9.443076683354162393e-01,5.191691377365033055e-01,6.710770883885742999e-02,3.632133205068175941e-01,4.587109153321086707e-01,4.638081500384595990e-01
1.703321877491684733e-01,2.345081884811847928e-01,4.047890428213539171e-01,3.356463904637235762e-01,8.718261452253514010e-01,-1.474624178063909177e-02,-2.307559966443978663e-02,8.055994495021583379e-01,2.198545155216630742e-01,9.718661957921526096e-02,7.445487492599520696e-01,5.099684750420643287e-01,3.972638920198208190e-01,7.211223739311721781e-01,3.523105991186781805e-01,6.980264953453349172e-03,5.499046841245085471e-01,4.215418254964138911e-01,8.937384124785283657e-01,1.866916722128409423e-01,9.001181095058918835e-02,9.629896398916539327e-03,2.332268114379510704e-01,8.603773707558075579e-01,5.170889426230790287e-01,1.947084608641592163e-01,5.185897762891943791e-02,9.707747943877681474e-01,7.486666260375928195e-01,6.824941410558561516e-01,4.811862788664751922e-01,5.825449983100580709e-02,1.860545323783602545e-01,9.808534427926535182e-01,9.078036086657484405e-02,5.277203382005458687e-01,8.487233621082057589e-01,1.745484859071806116e-01,6.398152496077889884e-02,7.816387012682707303e-01,3.563311511273317134e-01,-1.759020332980033297e-01,5.187417725682171854e-01,5.248035139557164497e-01,2.116120849969544693e-01,3.239368436465929757e-01,4.504149616201426516e-03,3.537027024945795795e-01,5.369125544419608431e-01,9.012415959739709104e-01
4.383346549889056143e-01,5.892248505333195219e-01,9.898307000288186774e-02,1.316762918961396633e-01,5.558109782364710760e-01,3.853886236849835001e-01,3.431099027630291620e-01,7.524022393949966192e-01,8.665011162887410467e-01,5.186873956227335825e-01,9.433012640504677693e-01,8.652036645598417675e-01,7.252315071322724960e-02,2.619330241145660376e-01,5.206964866599267383e-01,4.408921187653863649e-01,3.958461579804764541e-01,6.775533811143120699e-01,7.259767287870959596e-01,6.476272265767986092e-01,5.878939890415567637e-01,1.415932188408956516e-01,6.477388278613972483e-01,4.635083272300097867e-01,4.800728281175813961e-01,1.098599442033772883e-01,7.122931686779849780e-01,5.379991615367274438e-01,6.971381346255600686e-01,4.347630584465206893e-01,9.943584523777045103e-02,1.714605641867636421e-01,9.277096634423860344e-01,6.938251191176790511e-02,8.101176361613459109e-01,9.412689166355630022e-01,4.582131557974299385e-01,6.759460874401769237e-01,1.047310745199992454e-01,7.833537525496428455e-02,7.585154942100154063e-01,6.728882894857662889e-01,7.803385479450771767e-01,4.905393147169639367e-01,8.435910180247861989e-01,8.629258305299127851e-01,1.328840630988230853e-01,3.116169473657993683e-01,9.210821003292367637e-01,6.055226095102905770e-01
5.696886095447736276e-01,5.819886663231017658e-03,4.661183220275431638e-01,9.581612488721026333e-01,8.675210357939486805e-01,7.774578845608055566e-01,8.087787181995550467e-01,9.774203069588089932e-01,6.694874036810672946e-01,7.995567319873502221e-01,5.434054614525309912e-01,1.904296281494861354e-01,5.946512567586030862e-01,1.776107670148696915e-01,5.541757365496610133e-01,9.797159897992769872e-01,9.068431459289563179e-01,8.484753188538819366e-03,2.275316908625927559e-01,3.817810159701823247e-01,5.408326843518254101e-01,7.551622695757286285e-01,4.525303429599283334e-01,4.281006748914154177e-03,5.420277885981078687e-03,9.414603818152776915e-01,5.149461672189089567e-01,4.918859588002861272e-01,8.926924856185362023e-01,2.032042475156687622e-01,9.117117353003183489e-01,4.679236525381638701e-01,7.443128614006585542e-01,5.359827544308176650e-01,2.416967234404532594e-01,4.030930646685665919e-01,6.174874798633190887e-01,4.113036965272842682e-01,7.347086078208386883e-01,3.578880053041488818e-01,7.691756490851769934e-01,2.288082430632064901e-01,6.771999929926716399e-01,6.482583130705709129e-01,9.889870892892604903e-01,1.940491868603206327e-01,6.576201227300841889e-01,4.535343044507921251e-01,3.962129853614750896e-01,8.440178057310036008e-01
1.368369073380013359e-03,1.532048460522776601e-01,-4.508666337198877216e-01,4.211569733921843861e-01,2.481380291243721892e-01,3.815346792012535571e-01,1.925635630046013125e-01,7.184745054157402055e-01,6.352702985226593713e-02,-4.943871516767692209e-01,2.064582947921054512e-01,5.704489367844697290e-01,9.503447885551111751e-01,-2.803937987312808688e-02,9.713216559736113087e-01,8.556799072956526864e-01,1.548448036811065909e-01,7.886614326472416447e-01,2.780524873954989470e-02,9.103766767005829763e-01,8.913321885947643741e-01,8.509462311906589305e-01,5.486936247798962496e-01,1.444561475675126272e-01,6.356414869386192157e-01,-4.476736218886401275e-02,7.035847994636627023e-01,-2.272791422124795929e-02,7.335274021248042731e-01,1.460973592430160062e-01,6.814042448000223740e-01,7.069863839700962771e-01,-1.490663263829508645e-01,2.416046488666232506e-01,6.186529953246901192e-02,8.089923811640090667e-01,4.303384240726763066e-01,2.184942634327623548e-02,6.610619492552238796e-01,2.162084239556224530e-01,5.786132225234478232e-01,6.685245569903501828e-01,7.341770468303904229e-02,-1.972196602765060452e-02,8.534159247189104791e-01,-6.468720217162110542e-02,7.730080971436803505e-01,7.946493829525175245e-01,7.580323765829043436e-01,-1.892258175525688979e-01
8.052146971179442447e-01,3.124490645816798140e-01,5.603507633758909590e-01,7.544435113323898490e-01,6.336655489004051622e-01,2.353038554177246944e-01,5.440456970926544900e-01,7.838814021294883139e-01,3.175456558266805118e-02,3.946390896983586472e-01,8.210740651147356850e-01,5.222425749722321431e-01,9.692928476569176444e-02,7.125242629147710005e-01,8.449471796923575528e-01,1.417551513692649479e-01,6.611374995531298371e-01,9.699369248940823418e-01,1.155110184769162773e-01,8.707972552598104432e-01,1.268871080684852437e-01,4.289576927142125240e-01,2.543161154239494404e-01,9.402130053721241554e-01,7.186147244892777952e-02,6.929748657399122935e-01,4.858262971068534330e-01,7.551870244245862951e-01,4.564132427867012565e-01,7.303260945959352268e-01,8.514918471559395075e-01,2.886220578420096161e-01,1.382642686425140099e-01,6.649204521031848447e-01,7.138977513888092874e-01,9.010479153411695696e-01,8.952313571724526131e-01,8.463878483751032800e-01,4.230100170955639616e-01,9.546380096243818336e-01,7.017397286371184206e-01,2.991944588921016668e-01,7.424300618580896849e-01,4.237909086130300373e-01,8.084004493456486973e-01,8.379632727840266027e-01,5.097287491085371602e-01,4.750151557801081115e-01,1.049008555640306740e-02,1.423620669745440104e-01
1.229166035073182284e-01,2.590449174032618540e-01,8.611043160473894620e-01,4.349944657615213983e-01,6.357419358102276430e-01,3.638639710908320724e-01,7.512938275946710043e-01,4.317997518515734323e-01,4.378289727962233480e-01,6.330095460690385867e-01,5.524718166164390709e-01,8.606355136154022478e-01,7.973848018483329358e-01,5.338921332505957018e-01,3.244099224277744997e-01,4.794770662787569138e-01,-4.897583439795886832e-03,7.515631949242996823e-01,3.013651482125439540e-01,8.644258546662088316e-02,8.217827794219405568e-01,2.118133760896054596e-01,5.008642857043745789e-01,6.480540948678221724e-01,3.786585645550180623e-01,9.633014736152308854e-01,3.541945876096462276e-01,3.774368367492344500e-01,9.623473139227727291e-01,2.978909708236181508e-01,2.456408022470119856e-01,4.577195832070526937e-01,3.350659960290230249e-02,4.483843588933139612e-01,8.193054777121703269e-01,5.335192866881298679e-01,2.075498334295329192e-02,7.630232597337968659e-02,9.075561533991234331e-01,2.600435196335043608e-01,5.287001889332065829e-01,-3.985951198888089686e-01,2.816202411158416075e-01,4.643013560339667722e-01,4.557771565430996374e-01,6.366275282612955388e-01,7.944421692130640977e-01,1.760231551162904640e-01,1.497888877174415601e-01,4.112067507477761286e-01
6.299316776072646507e-01,8.235965492233199292e-01,3.524233423459228187e-01,4.569076562682419240e-01,6.481359022395579705e-01,-4.904988059037572734e-01,9.687152958601707997e-01,1.282968987319770271e-01,9.142916289768410198e-01,2.757316729754056284e-01,9.770151052022619798e-01,9.149338250173789655e-01,9.954927062097084223e-01,6.040160142723457470e-01,4.054134606242867922e-01,5.587719779237529938e-01,7.260981222562198911e-02,5.702833292358555628e-01,5.913590595104923908e-01,3.450470663655441639e-01,3.025682457949005477e-01,8.506787331545827557e-01,-2.315580062449887951e-03,8.122923890659100588e-01,4.578665902078423722e-01,6.845986689931887748e-01,4.928634003600279034e-01,3.810563083001279328e-01,-3.257630406320681238e-01,3.568265688739455377e-01,2.804774859529579611e-01,7.064136949355541706e-01,2.595835556838543834e-01,1.572808517211676527e-01,5.850741491787884163e-01,4.405937169177394641e-01,7.288148734729572586e-01,5.661122878457872654e-01,4.671763269325158174e-01,3.078785241650917603e-01,3.251631698397640102e-01,7.777229587228779994e-01,1.453436819467165131e-01,4.114060810754780473e-01,9.063908381233684031e-01,9.641326279774918850e-01,8.411961371022720346e-01,2.693225228843391106e-01,7.484966583178799260e-01,8.565131383206864291e-01
1.288454903627473114e-01,8.342319633896128073e-01,9.978013387363113829e-01,6.152782721812750655e-01,2.997291694787534433e-01,3.437230690988192783e-01,2.379645637926038060e-01,3.307794403971340835e-01,5.321931584908144997e-01,4.696708352599217040e-01,4.769611521978184832e-01,9.325181236286170794e-01,5.535168062389889121e-01,2.915612185566001657e-01,8.635718586353642312e-01,4.116771164734454591e-01,3.139326393862351683e-01,8.911353347052897167e-01,6.091441428845744133e-01,7.352111477778621174e-01,3.416221901490699153e-01,9.503356151198474322e-01,5.063684079007840788e-01,9.672585890384831631e-01,9.895463883947068495e-02,4.956333169917290782e-01,8.074164318985366240e-02,4.462743751889310384e-01,4.355461027958478781e-01,7.253158917986468612e-01,9.332770598028811149e-01,8.572854419240283352e-01,8.866036176232890975e-01,1.087239582214781161e-02,2.527131149149506872e-01,1.819056217241530049e-01,7.610314384927485687e-01,7.587648151990887824e-01,4.685485695999752065e-01,4.217563893177143641e-01,7.040476126748336227e-01,9.541437871606414101e-01,4.618443783802896885e-01,4.182544868480203015e-01,3.981566787256828888e-01,6.262129046398646759e-01,9.257510111920890239e-01,8.868799179694382140e-01,9.062327578763152980e-01,5.882885854443723472e-01
-2.662610344189808576e-02,8.497481517502177839e-01,5.953129921444043626e-01,6.939306817506281089e-01,9.430035547840597276e-01,-4.879653132110441938e-01,8.371252137872139398e-01,4.824104361709886102e-01,8.522960218492857676e-01,5.889260226265509157e-01,8.010919596583850888e-01,2.345077374082858990e-01,4.925999555311456612e-01,7.555966144499400849e-01,-4.737203444813455344e-01,5.346318107748413428e-01,7.643525144435793228e-01,4.081860340765681994e-02,7.182119378133374754e-01,-1.910620325800009289e-01,8.128719077374031432e-01,7.668127169084583139e-01,3.418419114435469197e-01,6.766532151163749953e-01,4.527129968600321352e-01,-6.270511059124496411e-02,4.152254595124096892e-01,6.511658591000127894e-01,9.719148585989900724e-01,5.607377991855965194e-01,3.713622187569880495e-01,7.519348581835676448e-01,8.290310300714445191e-01,7.058736616429863719e-01,6.235602213842137420e-01,4.638380932079073093e-01,2.168630149871862145e-01,1.786012726293674802e-01,7.148788234960321564e-01,1.393565228363605746e-01,2.128846454326664694e-01,2.123856540822085526e-01,6.104688630939681948e-01,1.879870226508528405e-02,8.983861905265578818e-01,8.723297483486356502e-03,1.420721211448745976e-02,8.248937407266791061e-03,1.517893474316068803e-01,2.729799295461892150e-01
8.539511137914109762e-01,7.633629452962010786e-01,1.857878999136253206e-01,-4.902327556474434522e-01,5.822590478137187331e-01,5.640970444466111289e-01,5.452841828528091073e-01,9.383341185666659312e-01,8.893871457935174085e-01,4.692923746698782206e-01,1.569690177486513308e-02,8.675442665240403750e-01,1.401913359580041207e-01,1.314741864568225171e-01,1.940391124172372306e-01,7.338629053646160694e-01,9.313722211381126881e-01,-3.545451330401592771e-01,8.867585714999706159e-01,7.799191791753953273e-01,8.463211141817303385e-02,-2.442311315158245955e-01,2.355547156816746590e-01,-2.400077720395779879e-01,8.119004753511490646e-01,8.052263400433002927e-01,9.928300217811530937e-01,2.057065149186120268e-01,7.019368129577282511e-01,7.310344001035143924e-01,1.885283420362645901e-01,-4.590503190182403381e-01,8.552045099606154360e-03,7.449413730988809768e-01,7.939646125959163303e-01,9.740252070256201211e-01,2.843773343484751193e-01,8.671104486821622492e-01,7.056273152221766987e-01,-2.718380623989131162e-01,-9.442936809523948261e-02,4.041476110974549507e-01,1.429082939642857819e-01,-2.036589363354256721e-01,1.210491475870966310e-01,8.717219716569026833e-01,-1.449593396081047623e-03,6.480564055348270180e-01,1.791986376923609958e-01,4.942871414347096426e-01
3.763335865850307993e-01,3.660792339106551663e-01,5.966659937357642329e-01,5.918731801789441915e-01,8.472846410385694860e-01,2.300568628554755524e-01,5.678183516510979523e-01,9.042922632444134745e-01,7.830873753105340729e-01,3.078651024144247739e-01,8.336338278612852315e-02,6.649055842119557802e-01,7.359126330714430564e-01,3.125571871866125173e-01,7.666019853002526974e-01,2.896805428923261982e-01,7.728726806840110486e-01,2.902384043946285019e-01,3.954990555342269287e-01,1.517301611609894185e-01,8.419315890776565281e-01,2.436828458744104420e-02,6.553526440488161020e-01,7.493804258318218503e-01,5.356559155264695171e-01,4.714366790935577978e-01,9.564612009653726821e-01,9.447473856007190252e-01,8.708376469879540727e-01,9.660893178787813840e-01,6.046572311890883178e-01,5.772657849714963874e-01,4.020004063063128408e-01,7.296132027299830902e-01,8.312197983657986233e-01,1.343107848108617830e-01,6.978389520834512583e-01,4.093750414380943337e-01,5.775468536849108769e-01,4.572035706335427219e-01,7.620088294131925899e-01,2.996122338487635095e-01,6.264797257980080358e-01,9.850366724054914272e-03,7.000161415772708784e-01,5.802640807402601464e-01,3.918304268990175365e-01,8.237773410678835839e-01,7.715194836390391053e-01,8.415727881850833259e-02
2.819735381260840001e-01,1.109356640327845006e-01,-4.148992752843165821e-01,3.230453433020244458e-01,3.523361317825572658e-02,9.253422357564865530e-01,3.175160623049794878e-02,1.051640535661758774e-01,-2.970241254993039384e-02,5.591622221347577470e-01,9.516276294544633307e-01,8.085445064039273877e-01,2.155897491865305937e-01,1.628487472871451569e-01,1.988281628593363548e-01,1.178866579956185240e-01,-2.498168957214373306e-02,1.256847795125589917e-01,7.515847529133083960e-01,7.986891927875887642e-01,6.739571759608240509e-01,4.198935248000145171e-01,9.449825423638062369e-03,8.983868115964348533e-01,7.629539981663158166e-01,6.134113567611793050e-01,8.593570078899568365e-01,5.558047858868983004e-01,4.355949830475726592e-01,8.079066020103459200e-01,7.098848290180403975e-01,2.207980031668286547e-01,8.626244866271995937e-01,8.883043019005244789e-02,5.861963273481165526e-01,4.907754902477493575e-01,9.384962225197200913e-01,6.463490458591603094e-01,6.835151366235714399e-01,9.385242193506334596e-01,7.462052022464811252e-01,7.190967499908342830e-01,1.948701656985109276e-01,8.132873006753511547e-01,6.467047655272450957e-01,8.060625751203380762e-01,7.073955189084532025e-01,-1.417148497251805202e-02,9.525912338225199782e-01,7.121869961962932205e-01
8.540268151081511494e-01,7.047260796810741468e-01,7.711795292246096389e-01,7.437551447168666563e-01,2.078987024895277702e-01,-1.481703816333051205e-01,1.604709915747060678e-01,4.431852971429087185e-01,5.817539603038146545e-01,2.517622081631402109e-01,7.027729929459957114e-01,7.601324580767460093e-01,7.961031054463170165e-01,6.321766819658424241e-01,5.947340395595680507e-01,9.636881452840144746e-01,1.504644613056697056e-01,8.634745223604106679e-01,2.284898607418642813e-01,2.637545935000412123e-01,8.946586083085866781e-01,9.210028739003235654e-02,2.785527487157069774e-03,6.470826230878936602e-01,2.231334954383155933e-01,7.580907328427133329e-01,1.561233877721659828e-02,3.866048105055099326e-01,5.690661827254727134e-01,4.466736052579845517e-01,9.579607434893665230e-02,7.047601709680990645e-01,7.174672556804115864e-01,4.909383266123492490e-02,4.686391234121439764e-01,4.161593256649198658e-01,4.429033436990041372e-01,8.180518142567605455e-01,3.590843894253691881e-01,5.731316101135992547e-01,4.470458689072102643e-01,5.040788703133309845e-01,8.669075137920815299e-01,7.381970389484523443e-01,5.382256827705771407e-01,2.922593909591972294e-01,3.618029996015980077e-01,8.525255755105463906e-02,2.687724626703213437e-01,5.591099043753058329e-01
3.661173350418781558e-01,7.061342090680376993e-01,4.024152192371616144e-01,7.328986091545789394e-01,5.108984973721393263e-01,5.231397244340720842e-01,3.589624411018621508e-02,2.446731419831326970e-01,1.281675538272838977e-01,5.579981886677528591e-01,2.025205708285351403e-01,7.492974787429889094e-01,7.329902967556704008e-01,8.860386336368189508e-02,8.577216277938460864e-01,1.811882204403379437e-01,4.676926316511479387e-01,4.020435040731579202e-01,8.142099697123051927e-01,8.280606313593609213e-01,6.323458098592303900e-01,8.824482049072390755e-01,1.096125474975514179e-02,9.280710565788712063e-02,7.932912965855044574e-01,8.486542513713357661e-01,8.252810643645569488e-01,6.940287227653686442e-01,1.199734242568724490e-01,4.370195450942711279e-02,9.614116389501305981e-01,2.666504950138480767e-01,7.363996912481466373e-01,3.580325625353753538e-01,8.331371982771577089e-01,8.769152219583715990e-02,4.533159071576212118e-01,7.098041510935635401e-01,6.778307415925479695e-01,7.359992968148176828e-01,5.917395924578789934e-01,3.409303028097903088e-01,7.462203944243143150e-01,9.847848662006717380e-01,1.155994846618703803e-01,7.886325800659225171e-01,3.147279665461673592e-01,6.478998440692762539e-01,1.373663377676675734e-01,4.261388945582547660e-01
